转换,sub-concept,资源
资源,sub-concept,客观
共,sub-concept,再版
随意性,sub-concept,称
纸质,sub-concept,建设
含有,sub-concept,般
称,sub-concept,印刷
两,sub-concept,种类
单位,sub-concept,续
内容,sub-concept,客观
表现,sub-concept,分
信息源,sub-concept,类
流通,sub-concept,手段
实物,sub-concept,分
转换,sub-concept,看法
记载,sub-concept,固定
被摘率,sub-concept,纸张
国防部,sub-concept,资源
浓度,sub-concept,信息
记载,sub-concept,期刊
种类,sub-concept,资源
含量,sub-concept,媒体
够,sub-concept,类型
对手,sub-concept,类型
永久,sub-concept,载体
媒体,sub-concept,种类
文献,sub-concept,作者
核心,sub-concept,印刷
登载,sub-concept,名称
续,sub-concept,复制
核心,sub-concept,少
针对性,sub-concept,客观
数据,sub-concept,信息
包含,sub-concept,密
用于,sub-concept,分
提取,sub-concept,称
225,sub-concept,居多
细节,sub-concept,信息
核心,sub-concept,名称
布拉德福,sub-concept,再版
高等院校,sub-concept,信息
定,sub-concept,信息
登载,sub-concept,印刷
225,sub-concept,各期
网页,sub-concept,资源
少,sub-concept,印刷
中,sub-concept,重复
随意性,sub-concept,媒体
卷,sub-concept,手段
中,sub-concept,固定
著名,sub-concept,包括
结论,sub-concept,各期
形式,sub-concept,概述
若干,sub-concept,名称
收集,sub-concept,多种
重点,sub-concept,材料
过程,sub-concept,集合
磁盘,sub-concept,密
源优点,sub-concept,类
归纳,sub-concept,资源
倍,sub-concept,作者
出版,sub-concept,信息
分为,sub-concept,信息
行业,sub-concept,资源
成果,sub-concept,年月
过程,sub-concept,纸质
出版物,sub-concept,集合
中,sub-concept,文章
强,sub-concept,媒体
手段,sub-concept,建设
期刊,sub-concept,般
周期,sub-concept,印刷
搜集,sub-concept,名称
信息,sub-concept,文章
知识,sub-concept,称
年,sub-concept,再版
中,sub-concept,统一
进展期,sub-concept,类型
媒体,sub-concept,出版
期刊,sub-concept,顺序号
作者,sub-concept,复制
科学技术,sub-concept,连续
10,sub-concept,年月
数据库,sub-concept,种类
即P,sub-concept,媒体
称为,sub-concept,印刷
国内外,sub-concept,类型
有用,sub-concept,资源
49,sub-concept,卷
重点,sub-concept,复制
样本,sub-concept,信息
电,sub-concept,篇
会议,sub-concept,纸质
版式,sub-concept,记录
论文,sub-concept,期刊
引用率,sub-concept,纸张
10,sub-concept,年
225,sub-concept,续
纸质,sub-concept,媒体
免费,sub-concept,类型
再版,sub-concept,集合
代表,sub-concept,信息
续,sub-concept,材料
核心,sub-concept,记录
发放,sub-concept,纸质
记载,sub-concept,登载
流通,sub-concept,记录
失真,sub-concept,类
225,sub-concept,年月
提取,sub-concept,信息
失真,sub-concept,称
名称,sub-concept,记录
包含,sub-concept,作者
搜集,sub-concept,固定
研究,sub-concept,顺序号
文献,sub-concept,篇
结论,sub-concept,年月
观点,sub-concept,信息
含有,sub-concept,定期
供,sub-concept,种类
周期,sub-concept,信息
依附性,sub-concept,信息
研究,sub-concept,般
交流,sub-concept,密
定律,sub-concept,复制
代表,sub-concept,集合
包含,sub-concept,定期
两,sub-concept,极
作用,sub-concept,登载
参考,sub-concept,信息
信息,sub-concept,连续
承载,sub-concept,客观
中,sub-concept,登载
负责,sub-concept,资源
权限,sub-concept,信息
各类,sub-concept,信息
信息,sub-concept,客观
人才,sub-concept,各期
记录,sub-concept,建设
宇航局,sub-concept,纸质
流行,sub-concept,资源
随意性,sub-concept,含义
定期,sub-concept,包括
检阅,sub-concept,名称
学术,sub-concept,出版物
定期,sub-concept,手写
传递,sub-concept,周期
搜集,sub-concept,内容
负责,sub-concept,信息
决策,sub-concept,资源
引进,sub-concept,类型
易,sub-concept,密
科学技术,sub-concept,极
辗转,sub-concept,含义
利用,sub-concept,称
技术,sub-concept,信息
保存,sub-concept,媒体
著名,sub-concept,纸质
出版,sub-concept,集合
n倍,sub-concept,再版
周期,sub-concept,资源
网络型,sub-concept,信息
中,sub-concept,居多
内容,sub-concept,记录
材料,sub-concept,建设
中,sub-concept,各期
入,sub-concept,信息
两,sub-concept,期刊
信息,sub-concept,类
选择,sub-concept,资源
媒体,sub-concept,资源
有序化,sub-concept,资源
存贮,sub-concept,信息
期刊,sub-concept,年月
登载,sub-concept,周期
缺点,sub-concept,两
可靠性,sub-concept,类
实物,sub-concept,称
概述,sub-concept,资源
载体,sub-concept,类
论文,sub-concept,周期
49,sub-concept,般
社会,sub-concept,信息
类型,sub-concept,材料
前,sub-concept,顺序号
内容,sub-concept,载体
官方,sub-concept,信息
般,sub-concept,记录
人类,sub-concept,分
人才,sub-concept,年月
作者,sub-concept,媒体
资源,sub-concept,载体
包含,sub-concept,出版物
n倍,sub-concept,作者
单位,sub-concept,定期
用于,sub-concept,称
提取,sub-concept,分
总称,sub-concept,多种
感知,sub-concept,信息
225,sub-concept,固定
含义,sub-concept,媒体
分布,sub-concept,资源
传递,sub-concept,含义
得以,sub-concept,密
科学技术,sub-concept,少
学术性,sub-concept,期
工具,sub-concept,信息
重点,sub-concept,纸质
科学技术,sub-concept,文章
传递,sub-concept,年
 ,sub-concept,集合
周期,sub-concept,手段
n,sub-concept,材料
记录,sub-concept,媒体
材料,sub-concept,资源
超过,sub-concept,手写
缺点,sub-concept,载体
若干,sub-concept,期刊
高,sub-concept,指
倍,sub-concept,期
合作,sub-concept,纸质
口头,sub-concept,分
研究,sub-concept,名称
固定,sub-concept,指
 ,sub-concept,连续
称,sub-concept,类型
年月,sub-concept,媒体
连续,sub-concept,手段
积累,sub-concept,看法
维系,sub-concept,功能
成熟,sub-concept,类型
前,sub-concept,固定
开发,sub-concept,媒体
机密,sub-concept,资源
辗转,sub-concept,媒体
搜集,sub-concept,期刊
传递,sub-concept,类型
指,sub-concept,题
内容,sub-concept,手段
学科,sub-concept,定期
公司,sub-concept,纸质
n,sub-concept,复制
信息,sub-concept,手段
文章,sub-concept,纸张
n倍,sub-concept,篇
体例,sub-concept,图书
倍,sub-concept,出版物
系统,sub-concept,纸质
存取,sub-concept,信息
水平,sub-concept,记录
排序,sub-concept,期
结论,sub-concept,卷
著名,sub-concept,资源
非密,sub-concept,类型
保存,sub-concept,载体
连续,sub-concept,指
语言,sub-concept,称
核心,sub-concept,思考
包含,sub-concept,超过
发现,sub-concept,固定
AD,sub-concept,资源
新,sub-concept,称
包含,sub-concept,少
n2,sub-concept,名称
决议,sub-concept,信息
秘密,sub-concept,资源
管理,sub-concept,资源
图,sub-concept,集合
 ,sub-concept,统一
含量,sub-concept,信息
源优点,sub-concept,分
源优点,sub-concept,称
年,sub-concept,媒体
前,sub-concept,内容
长,sub-concept,指
 ,sub-concept,顺序号
续,sub-concept,纸张
人才,sub-concept,固定
称,sub-concept,纸张
居多,sub-concept,印刷
标准,sub-concept,思考
各期,sub-concept,资源
 ,sub-concept,般
若干,sub-concept,般
再版,sub-concept,手段
n2,sub-concept,文章
浓度,sub-concept,媒体
存储,sub-concept,载体
指,sub-concept,指
读者,sub-concept,复制
年,sub-concept,出版
共,sub-concept,期刊
布拉德福,sub-concept,包括
知识,sub-concept,媒体
若干,sub-concept,顺序号
文章,sub-concept,材料
记载,sub-concept,出版物
知识性,sub-concept,特征
信息,sub-concept,资源
语言,sub-concept,媒体
加工,sub-concept,密
学术性,sub-concept,续
包含,sub-concept,极
两,sub-concept,定期
文件,sub-concept,类型
人才,sub-concept,续
固定,sub-concept,包括
学术性,sub-concept,版式
284,sub-concept,出版
期刊,sub-concept,信息
期,sub-concept,材料
媒体,sub-concept,登载
成果,sub-concept,超过
剩下,sub-concept,出版物
语言,sub-concept,信息
口头,sub-concept,信息
倍,sub-concept,定期
存储,sub-concept,称
失真,sub-concept,媒体
倍,sub-concept,期刊
登载,sub-concept,登载
细节,sub-concept,两
作用,sub-concept,超过
n2,sub-concept,载体
作用,sub-concept,版式
思考,sub-concept,种类
撰写,sub-concept,类型
科学技术,sub-concept,统一
出发,sub-concept,看法
共,sub-concept,般
信息,sub-concept,信息
顺序号,sub-concept,手写
规避,sub-concept,类型
记录,sub-concept,纸质
人类,sub-concept,密
可靠性,sub-concept,信息
动力,sub-concept,功能
调查,sub-concept,信息
永久,sub-concept,称
建设,sub-concept,称
重复,sub-concept,材料
承载,sub-concept,密
文章,sub-concept,复制
结论,sub-concept,超过
院校,sub-concept,信息
倍,sub-concept,居多
核心,sub-concept,卷
文献,sub-concept,文章
中,sub-concept,集合
协调,sub-concept,信息
司法,sub-concept,类型
称为,sub-concept,纸张
结论,sub-concept,作者
核心,sub-concept,连续
代号,sub-concept,信息
倍,sub-concept,重复
数据库,sub-concept,资源
广义,sub-concept,资源
单位,sub-concept,极
技术,sub-concept,顺序号
225,sub-concept,期刊
版式,sub-concept,载体
寿命,sub-concept,包括
隐蔽,sub-concept,两
区域,sub-concept,记录
中,sub-concept,手段
密级,sub-concept,信息
信息,sub-concept,少
数量,sub-concept,文章
年,sub-concept,复制
剩下,sub-concept,期
成熟,sub-concept,资源
标准,sub-concept,题
信息,sub-concept,印刷
真实,sub-concept,资源
实力,sub-concept,资源
针对性,sub-concept,资源
存储,sub-concept,类
文献,sub-concept,类
研究,sub-concept,登载
要素,sub-concept,媒体
缩微型,sub-concept,资源
284,sub-concept,版式
文献,sub-concept,超过
n2,sub-concept,手段
政务,sub-concept,类型
传递,sub-concept,内容
搜集,sub-concept,周期
定义,sub-concept,称
索取,sub-concept,类型
学科,sub-concept,卷
硬载体,sub-concept,载体
 ,sub-concept,印刷
划分,sub-concept,信息
成果,sub-concept,作者
作用,sub-concept,类型
284,sub-concept,文章
论文,sub-concept,作者
研究,sub-concept,信息
核心,sub-concept,般
接点,sub-concept,资源
n2,sub-concept,固定
经费,sub-concept,类型
n2,sub-concept,期刊
机构,sub-concept,类型
培养,sub-concept,出版
硬载体,sub-concept,称
记录,sub-concept,称
分类表,sub-concept,类型
定期,sub-concept,媒体
管理,sub-concept,种类
定义,sub-concept,资源
美国,sub-concept,信息
工具,sub-concept,资源
方式,sub-concept,概述
年,sub-concept,超过
登载,sub-concept,重复
新,sub-concept,类
永久,sub-concept,含义
超过,sub-concept,载体
教科文,sub-concept,纸质
胶片,sub-concept,密
记载,sub-concept,年月
符号,sub-concept,含义
n倍,sub-concept,期刊
刊载,sub-concept,复制
统一,sub-concept,手段
记载,sub-concept,名称
磁盘,sub-concept,分
学术,sub-concept,再版
统计,sub-concept,极
发展,sub-concept,作用
机关,sub-concept,信息
登载,sub-concept,期刊
连续,sub-concept,媒体
连续,sub-concept,信息
判别,sub-concept,材料
人脑,sub-concept,两
社会,sub-concept,资源
n2,sub-concept,内容
课题,sub-concept,类型
值,sub-concept,类型
媒体,sub-concept,信息
有序化,sub-concept,信息
第三,sub-concept,居多
解,sub-concept,类型
加工,sub-concept,类
够,sub-concept,资源
永久,sub-concept,资源
225,sub-concept,周期
政策,sub-concept,纸质
般,sub-concept,手写
学科,sub-concept,纸张
交流,sub-concept,纸质
传递,sub-concept,两
优缺点,sub-concept,种类
版式,sub-concept,纸质
篇,sub-concept,资源
寿命,sub-concept,纸质
居多,sub-concept,集合
文献,sub-concept,连续
质量,sub-concept,信息
n倍,sub-concept,内容
资源,sub-concept,分
倍,sub-concept,名称
称,sub-concept,材料
期,sub-concept,纸张
单位,sub-concept,名称
共,sub-concept,登载
篇,sub-concept,载体
源优点,sub-concept,媒体
作用,sub-concept,名称
第三,sub-concept,定期
学科,sub-concept,手段
内容,sub-concept,分
表现,sub-concept,客观
 ,sub-concept,卷
剩下,sub-concept,再版
门,sub-concept,信息
行业,sub-concept,类型
内外,sub-concept,看法
科学技术,sub-concept,续
纸质,sub-concept,信息
定期,sub-concept,纸质
学科,sub-concept,重复
表达,sub-concept,称
信息,sub-concept,登载
研究,sub-concept,内容
n倍,sub-concept,重复
区域,sub-concept,集合
硬载体,sub-concept,类
水平,sub-concept,集合
核心,sub-concept,登载
标准,sub-concept,印刷
超过,sub-concept,手段
包括,sub-concept,含义
看法,sub-concept,资源
49,sub-concept,居多
统计,sub-concept,连续
225,sub-concept,连续
潜在性,sub-concept,特性
结论,sub-concept,连续
理想,sub-concept,纸质
数据,sub-concept,多种
学术性,sub-concept,少
口头,sub-concept,客观
倍,sub-concept,周期
功能,sub-concept,信息
纸张,sub-concept,密
电子型,sub-concept,信息
可靠性,sub-concept,称
真实,sub-concept,含义
传递,sub-concept,作者
保存,sub-concept,密
活动,sub-concept,信息
研究,sub-concept,卷
胶片,sub-concept,分
读者,sub-concept,纸张
高,sub-concept,手写
中,sub-concept,看法
技术,sub-concept,出版
拷贝,sub-concept,信息
包含,sub-concept,期
筛选,sub-concept,资源
电,sub-concept,定期
期刊,sub-concept,超过
学科,sub-concept,期刊
即P,sub-concept,指
即P,sub-concept,材料
称,sub-concept,复制
新颖性,sub-concept,类型
年,sub-concept,纸质
提取,sub-concept,客观
读者,sub-concept,纸质
培养,sub-concept,文章
报告,sub-concept,纸质
学术性,sub-concept,周期
有什,sub-concept,思考
维系,sub-concept,信息
电波,sub-concept,类
学术性,sub-concept,出版
发现,sub-concept,内容
前,sub-concept,连续
结论,sub-concept,出版物
标准,sub-concept,集合
辗转,sub-concept,载体
称为,sub-concept,信息
源优点,sub-concept,载体
保存,sub-concept,种类
著名,sub-concept,指
发行,sub-concept,纸质
失真,sub-concept,含义
方法,sub-concept,图书
年,sub-concept,手写
作者,sub-concept,指
少,sub-concept,媒体
纸质,sub-concept,包括
信息,sub-concept,固定
推销,sub-concept,信息
家,sub-concept,资源
作用,sub-concept,周期
负责,sub-concept,种类
固定,sub-concept,手写
续,sub-concept,印刷
作用,sub-concept,概述
论文,sub-concept,期
长,sub-concept,载体
会议,sub-concept,思考
登载,sub-concept,复制
得以,sub-concept,客观
信息,sub-concept,出版物
n2,sub-concept,材料
水平,sub-concept,包括
媒体,sub-concept,卷
中,sub-concept,资源
源,sub-concept,纸质
系列,sub-concept,信息
期刊,sub-concept,固定
磁带,sub-concept,两
布拉德福,sub-concept,手写
题,sub-concept,资源
信息源,sub-concept,两
文献,sub-concept,思考
称,sub-concept,密
无限性,sub-concept,信息
载体,sub-concept,密
登载,sub-concept,卷
284,sub-concept,般
分布,sub-concept,手段
流通,sub-concept,载体
成果,sub-concept,文章
高,sub-concept,包括
纸质,sub-concept,手段
商业,sub-concept,类型
含有,sub-concept,统一
发放,sub-concept,资源
磁带,sub-concept,密
284,sub-concept,顺序号
搜集,sub-concept,文章
成果,sub-concept,极
拷贝,sub-concept,资源
统一,sub-concept,包括
传递,sub-concept,期
含有,sub-concept,顺序号
特定,sub-concept,资源
系统,sub-concept,图书
年月,sub-concept,指
作者,sub-concept,印刷
n2,sub-concept,复制
特定,sub-concept,信息
剩下,sub-concept,篇
10,sub-concept,文章
判别,sub-concept,手写
收集,sub-concept,信息
重点,sub-concept,印刷
广义,sub-concept,概述
包含,sub-concept,载体
论文,sub-concept,登载
客观,sub-concept,媒体
即P,sub-concept,纸张
少,sub-concept,纸张
结论,sub-concept,期刊
出版物,sub-concept,信息
顺序号,sub-concept,手段
卷,sub-concept,材料
资源,sub-concept,复制
知识,sub-concept,载体
缺点,sub-concept,含义
固定,sub-concept,信息
第三,sub-concept,少
即P,sub-concept,印刷
年月,sub-concept,复制
n2,sub-concept,指
电波,sub-concept,媒体
顺序号,sub-concept,媒体
学位,sub-concept,纸质
长,sub-concept,纸张
口头,sub-concept,两
文献,sub-concept,周期
作者,sub-concept,包括
表达,sub-concept,分
随意性,sub-concept,客观
硬载体,sub-concept,媒体
区域,sub-concept,周期
信息源,sub-concept,含义
布拉德福,sub-concept,纸质
登载,sub-concept,超过
倍,sub-concept,超过
指,sub-concept,含义
发现,sub-concept,续
作用,sub-concept,期刊
前,sub-concept,年月
准确,sub-concept,信息
确认,sub-concept,类型
宇航局,sub-concept,资源
性质,sub-concept,类型
思考,sub-concept,建设
瞬时性,sub-concept,称
单位,sub-concept,顺序号
提取,sub-concept,类
年,sub-concept,期刊
发展,sub-concept,载体
生产,sub-concept,资源
强,sub-concept,客观
超过,sub-concept,包括
284,sub-concept,期
数量,sub-concept,篇
存取,sub-concept,种类
中,sub-concept,印刷
编印,sub-concept,资源
成果,sub-concept,期刊
若干,sub-concept,内容
学术,sub-concept,超过
中,sub-concept,少
结论,sub-concept,重复
利用,sub-concept,资源
纸质,sub-concept,记录
期,sub-concept,载体
国际,sub-concept,纸质
居多,sub-concept,手段
核心,sub-concept,媒体
极,sub-concept,纸质
媒体,sub-concept,统一
发现,sub-concept,重复
成就,sub-concept,内容
服务型,sub-concept,种类
49,sub-concept,周期
信息,sub-concept,各期
统一,sub-concept,指
辗转,sub-concept,两
信息,sub-concept,居多
有限,sub-concept,载体
两,sub-concept,信息
年月,sub-concept,包括
四,sub-concept,类型
符号,sub-concept,图书
学术,sub-concept,出版
检阅,sub-concept,定期
机关,sub-concept,资源
存储,sub-concept,含义
布拉德福,sub-concept,纸张
成果,sub-concept,各期
高,sub-concept,纸质
登载,sub-concept,出版物
各期,sub-concept,集合
前,sub-concept,重复
般,sub-concept,资源
发展,sub-concept,材料
模仿,sub-concept,纸质
宣传品,sub-concept,资源
剩下,sub-concept,超过
易,sub-concept,称
n2,sub-concept,周期
被摘率,sub-concept,资源
作者,sub-concept,信息
学科,sub-concept,期
间接,sub-concept,种类
PB,sub-concept,信息
各期,sub-concept,载体
人才,sub-concept,连续
镜像,sub-concept,种类
学术性,sub-concept,居多
图书,sub-concept,记录
成果,sub-concept,纸质
登载,sub-concept,记录
包含,sub-concept,顺序号
年,sub-concept,纸张
使用者,sub-concept,资源
中,sub-concept,年月
研究,sub-concept,功能
文献,sub-concept,卷
知识,sub-concept,类
流行,sub-concept,看法
作用,sub-concept,种类
文献,sub-concept,类型
核心,sub-concept,篇
单位,sub-concept,期
信息,sub-concept,年月
政策,sub-concept,资源
多种,sub-concept,多种
内外,sub-concept,多种
媒体,sub-concept,媒体
实物,sub-concept,客观
核心,sub-concept,纸质
出版物,sub-concept,类型
有限,sub-concept,两
检阅,sub-concept,期
存取型,sub-concept,种类
作用,sub-concept,居多
媒体,sub-concept,固定
49,sub-concept,篇
即P,sub-concept,包括
连续,sub-concept,手写
收集,sub-concept,类型
数量,sub-concept,固定
10,sub-concept,固定
若干,sub-concept,超过
传递,sub-concept,类
实物,sub-concept,类
国防部,sub-concept,类型
语言,sub-concept,客观
编辑,sub-concept,信息
含有,sub-concept,卷
n倍,sub-concept,续
n2,sub-concept,再版
共,sub-concept,卷
学术性,sub-concept,定期
寿命,sub-concept,手写
利用率,sub-concept,资源
商业,sub-concept,信息
信息,sub-concept,看法
般,sub-concept,媒体
引用率,sub-concept,载体
刊载,sub-concept,纸质
国内外贸易,sub-concept,纸质
培养,sub-concept,再版
多种,sub-concept,含义
284,sub-concept,再版
 ,sub-concept,资源
技术,sub-concept,再版
篇,sub-concept,指
作用,sub-concept,定期
结论,sub-concept,名称
指,sub-concept,包括
著名,sub-concept,媒体
225,sub-concept,名称
图,sub-concept,材料
成就,sub-concept,年
综合国,sub-concept,含义
光盘,sub-concept,含义
反馈,sub-concept,两
登载,sub-concept,手段
 ,sub-concept,固定
建设,sub-concept,信息
有机,sub-concept,称
布拉德福,sub-concept,顺序号
定义,sub-concept,集合
定义,sub-concept,多种
政府,sub-concept,纸质
情况,sub-concept,信息
信息,sub-concept,要素
论文,sub-concept,顺序号
p,sub-concept,信息
区域,sub-concept,居多
即P,sub-concept,信息
课程,sub-concept,纸质
分布,sub-concept,媒体
检索,sub-concept,纸质
各期,sub-concept,记录
284,sub-concept,作者
现状,sub-concept,类型
选题,sub-concept,信息
开发,sub-concept,客观
真实,sub-concept,纸质
期刊,sub-concept,篇
保护,sub-concept,信息
高,sub-concept,媒体
狭义,sub-concept,看法
成果,sub-concept,名称
期刊,sub-concept,文章
49,sub-concept,登载
发现,sub-concept,连续
 ,sub-concept,记录
源优点,sub-concept,密
称,sub-concept,类
技术,sub-concept,定期
 ,sub-concept,内容
产品,sub-concept,类型
要素,sub-concept,多种
284,sub-concept,定期
承载,sub-concept,媒体
期,sub-concept,复制
核心,sub-concept,年月
长,sub-concept,集合
科学技术,sub-concept,年
作用,sub-concept,出版物
发展,sub-concept,纸质
传递,sub-concept,文章
图,sub-concept,复制
共,sub-concept,内容
少,sub-concept,手写
信息,sub-concept,周期
针对性,sub-concept,类
n倍,sub-concept,期
剩下,sub-concept,出版
数量,sub-concept,各期
新,sub-concept,密
设备,sub-concept,含义
宣传品,sub-concept,纸质
物质,sub-concept,两
反馈,sub-concept,分
固定,sub-concept,媒体
n倍,sub-concept,名称
方式,sub-concept,种类
情报源,sub-concept,资源
电,sub-concept,各期
10,sub-concept,超过
时效性,sub-concept,特征
n,sub-concept,指
客观,sub-concept,信息
文献指,sub-concept,资源
成就,sub-concept,篇
期刊,sub-concept,内容
称为,sub-concept,包括
布拉德福,sub-concept,媒体
检测,sub-concept,资源
含量,sub-concept,包括
中,sub-concept,包括
文献,sub-concept,内容
权威,sub-concept,类型
技术,sub-concept,期
真实性,sub-concept,信息
链接,sub-concept,种类
论文,sub-concept,卷
过程,sub-concept,多种
内容,sub-concept,类型
n,sub-concept,印刷
年,sub-concept,统一
中,sub-concept,再版
提取,sub-concept,密
课题,sub-concept,信息
长,sub-concept,印刷
连续,sub-concept,材料
反馈,sub-concept,信息
单位,sub-concept,期刊
年,sub-concept,顺序号
主观,sub-concept,分
含有,sub-concept,登载
判别,sub-concept,媒体
连续,sub-concept,纸张
期刊,sub-concept,资源
政府,sub-concept,种类
媒体,sub-concept,年月
体系,sub-concept,纸质
年,sub-concept,般
数量,sub-concept,年月
负担,sub-concept,信息
纸质,sub-concept,集合
理解,sub-concept,概述
建设性,sub-concept,资源
静态,sub-concept,信息
记载,sub-concept,出版
建设性,sub-concept,特性
排序,sub-concept,作者
永久,sub-concept,两
媒体,sub-concept,年
建设,sub-concept,资源
过程,sub-concept,资源
文献,sub-concept,固定
文献,sub-concept,重复
p,sub-concept,手写
软载体,sub-concept,两
成就,sub-concept,周期
学科,sub-concept,媒体
视听型,sub-concept,种类
中,sub-concept,周期
发现,sub-concept,年月
消除,sub-concept,信息
机构,sub-concept,信息
源优点,sub-concept,两
核心,sub-concept,固定
经费,sub-concept,信息
社会存在,sub-concept,功能
知识,sub-concept,分
重复,sub-concept,包括
n倍,sub-concept,连续
符号,sub-concept,媒体
定义,sub-concept,载体
记载,sub-concept,超过
信息,sub-concept,集合
信息,sub-concept,多种
发现,sub-concept,年
学科,sub-concept,版式
文献,sub-concept,统一
时常,sub-concept,含义
人类,sub-concept,两
水平,sub-concept,指
书目,sub-concept,纸质
技术,sub-concept,般
学科,sub-concept,名称
发展,sub-concept,指
核心,sub-concept,期
社会,sub-concept,功能
政府,sub-concept,题
载体,sub-concept,分
传递,sub-concept,版式
第一,sub-concept,含义
电,sub-concept,文章
加工,sub-concept,媒体
前,sub-concept,续
纸张,sub-concept,含义
开发,sub-concept,信息
名称,sub-concept,手写
统计,sub-concept,各期
政务,sub-concept,信息
布拉德福,sub-concept,名称
重复,sub-concept,复制
传递,sub-concept,连续
复制,sub-concept,信息
表现,sub-concept,含义
记载,sub-concept,文章
信息,sub-concept,超过
内容,sub-concept,纸张
中,sub-concept,篇
要素,sub-concept,资源
权威,sub-concept,信息
称,sub-concept,分
美国,sub-concept,思考
n倍,sub-concept,顺序号
统一,sub-concept,载体
正式,sub-concept,信息
有机,sub-concept,两
资源库,sub-concept,种类
国,sub-concept,资源
侵权,sub-concept,纸质
观点,sub-concept,含义
n倍,sub-concept,般
第一,sub-concept,两
电,sub-concept,版式
责任,sub-concept,种类
针对性,sub-concept,含义
布拉德福,sub-concept,统一
文献,sub-concept,登载
形式,sub-concept,资源
电,sub-concept,超过
要素,sub-concept,种类
数量,sub-concept,版式
统计,sub-concept,期刊
n倍,sub-concept,版式
指,sub-concept,资源
媒体,sub-concept,版式
核心,sub-concept,顺序号
PB,sub-concept,资源
创造,sub-concept,资源
固定,sub-concept,复制
文献,sub-concept,年月
特性,sub-concept,信息
论文,sub-concept,内容
登载,sub-concept,手写
瞬时性,sub-concept,分
再生性,sub-concept,信息
般,sub-concept,信息
信息,sub-concept,类型
规避,sub-concept,信息
易,sub-concept,载体
排序,sub-concept,文章
纸张,sub-concept,两
光波,sub-concept,两
10,sub-concept,统一
利用率,sub-concept,纸质
学术性,sub-concept,年月
撰写,sub-concept,信息
布拉德福,sub-concept,卷
集合,sub-concept,多种
读者,sub-concept,包括
定性,sub-concept,信息
方式,sub-concept,信息
方针,sub-concept,纸质
实物,sub-concept,两
文章,sub-concept,信息
浓度,sub-concept,密
NASA,sub-concept,纸质
编辑,sub-concept,资源
表述,sub-concept,要素
学术性,sub-concept,年
伴随,sub-concept,类型
存贮,sub-concept,要素
选择,sub-concept,信息
内容,sub-concept,要素
寿命,sub-concept,媒体
第三,sub-concept,期
前,sub-concept,篇
媒体,sub-concept,密
载体,sub-concept,信息
年,sub-concept,卷
电,sub-concept,出版物
论文,sub-concept,思考
情况,sub-concept,类型
实力,sub-concept,纸质
表达,sub-concept,密
记录,sub-concept,客观
东西,sub-concept,概述
学科,sub-concept,材料
再生性,sub-concept,特性
225,sub-concept,内容
时,sub-concept,纸质
价,sub-concept,类型
10,sub-concept,连续
发现,sub-concept,出版物
大型,sub-concept,资源
价,sub-concept,多种
统一,sub-concept,印刷
结论,sub-concept,内容
引用率,sub-concept,指
表达,sub-concept,两
技术,sub-concept,含义
专利,sub-concept,种类
年,sub-concept,名称
284,sub-concept,年月
排序,sub-concept,连续
命令,sub-concept,信息
成就,sub-concept,登载
搜集,sub-concept,再版
准确,sub-concept,资源
记载,sub-concept,各期
索取,sub-concept,纸质
著名,sub-concept,手写
出版,sub-concept,资源
统计,sub-concept,固定
剩下,sub-concept,重复
决策,sub-concept,功能
单位,sub-concept,出版
共,sub-concept,篇
国,sub-concept,纸质
中,sub-concept,指
家,sub-concept,纸质
侵权,sub-concept,资源
长,sub-concept,记录
n2,sub-concept,集合
第一,sub-concept,称
判别,sub-concept,纸质
符号,sub-concept,类
前,sub-concept,出版物
概念,sub-concept,含义
284,sub-concept,各期
定律,sub-concept,手段
周期,sub-concept,指
编印,sub-concept,类型
培养,sub-concept,各期
设计,sub-concept,纸质
指,sub-concept,看法
辗转,sub-concept,分
包含,sub-concept,客观
图书,sub-concept,纸质
供,sub-concept,信息
n倍,sub-concept,统一
非密,sub-concept,信息
中,sub-concept,记录
发现,sub-concept,版式
学科,sub-concept,年
分布,sub-concept,手写
出版物,sub-concept,媒体
称为,sub-concept,记录
国防部,sub-concept,信息
前,sub-concept,周期
寿命,sub-concept,记录
重复,sub-concept,记录
代表,sub-concept,资源
表现,sub-concept,称
纸质,sub-concept,印刷
光波,sub-concept,称
成就,sub-concept,统一
排序,sub-concept,般
随意性,sub-concept,两
剩下,sub-concept,期刊
特征,sub-concept,纸质
保存,sub-concept,称
少,sub-concept,资源
先进,sub-concept,纸质
布拉德福,sub-concept,期刊
系列,sub-concept,资源
新,sub-concept,载体
期刊,sub-concept,印刷
隐蔽,sub-concept,分
卷,sub-concept,记录
单元,sub-concept,图书
检阅,sub-concept,版式
检测,sub-concept,纸质
人才,sub-concept,内容
定,sub-concept,纸质
印刷型,sub-concept,信息
顺序号,sub-concept,印刷
n,sub-concept,信息
长,sub-concept,资源
10,sub-concept,期
统计,sub-concept,统一
定期,sub-concept,材料
数量,sub-concept,期
前,sub-concept,超过
随意性,sub-concept,信息
培养,sub-concept,少
49,sub-concept,超过
搜集,sub-concept,各期
PB,sub-concept,类型
结论,sub-concept,极
获取,sub-concept,纸质
分为,sub-concept,纸质
核心,sub-concept,题
记录,sub-concept,图书
搜集,sub-concept,居多
出版,sub-concept,纸质
年月,sub-concept,印刷
工具,sub-concept,类型
有机,sub-concept,分
期刊,sub-concept,版式
学术,sub-concept,定期
长,sub-concept,手段
文献,sub-concept,出版物
称为,sub-concept,资源
作者,sub-concept,集合
自然,sub-concept,信息
过程,sub-concept,手写
网络型,sub-concept,种类
顺序号,sub-concept,纸张
文字,sub-concept,两
狭义,sub-concept,概述
光盘,sub-concept,称
传递,sub-concept,密
数据,sub-concept,资源
类,sub-concept,含义
出版物,sub-concept,资源
记载,sub-concept,续
提取,sub-concept,载体
中,sub-concept,内容
重点,sub-concept,集合
秘密,sub-concept,纸质
服务,sub-concept,资源
细节,sub-concept,类
实物,sub-concept,信息
细节,sub-concept,称
类型,sub-concept,信息
内容,sub-concept,材料
前,sub-concept,文章
思想,sub-concept,图书
会议,sub-concept,资源
共享性,sub-concept,信息
名称,sub-concept,手段
数据,sub-concept,看法
会议,sub-concept,信息
活动,sub-concept,资源
水平,sub-concept,手段
资源,sub-concept,材料
利用,sub-concept,纸质
期刊,sub-concept,出版物
代表,sub-concept,纸质
人类,sub-concept,称
服务,sub-concept,信息
口头,sub-concept,含义
称,sub-concept,媒体
第三,sub-concept,版式
隐性,sub-concept,种类
用于,sub-concept,信息
说明书,sub-concept,资源
发放,sub-concept,信息
易于,sub-concept,媒体
转换,sub-concept,信息
版式,sub-concept,材料
内外,sub-concept,信息
表现,sub-concept,纸质
易,sub-concept,客观
49,sub-concept,出版物
技术,sub-concept,类型
内容,sub-concept,复制
p,sub-concept,媒体
年月,sub-concept,集合
般,sub-concept,纸张
学科,sub-concept,手写
 ,sub-concept,年月
准确,sub-concept,类型
成就,sub-concept,卷
文字,sub-concept,含义
反馈,sub-concept,称
排序,sub-concept,重复
读者,sub-concept,载体
资源,sub-concept,多种
人才,sub-concept,极
作用,sub-concept,篇
 ,sub-concept,登载
引用率,sub-concept,复制
协议,sub-concept,资源
284,sub-concept,固定
概念,sub-concept,看法
期,sub-concept,手段
单位,sub-concept,般
国会,sub-concept,类型
质量,sub-concept,资源
利用,sub-concept,分
标准,sub-concept,手段
学位,sub-concept,思考
包含,sub-concept,两
225,sub-concept,年
软载体,sub-concept,信息
源优点,sub-concept,信息
10,sub-concept,续
社会,sub-concept,多种
水平,sub-concept,载体
辗转,sub-concept,类
标识,sub-concept,媒体
登载,sub-concept,篇
结论,sub-concept,年
图,sub-concept,媒体
排序,sub-concept,续
年月,sub-concept,材料
加工,sub-concept,分
名称,sub-concept,媒体
中,sub-concept,超过
图书,sub-concept,资源
有限,sub-concept,密
布拉德福,sub-concept,少
年月,sub-concept,信息
媒体,sub-concept,篇
对象,sub-concept,媒体
统一,sub-concept,集合
理想,sub-concept,资源
论文,sub-concept,少
第一,sub-concept,类
引用率,sub-concept,包括
失真,sub-concept,两
系列,sub-concept,多种
长期,sub-concept,资源
国内外,sub-concept,信息
若干,sub-concept,出版物
判别,sub-concept,指
秘密,sub-concept,类型
系列,sub-concept,类型
 ,sub-concept,期刊
前,sub-concept,各期
企业,sub-concept,纸质
期刊,sub-concept,连续
区域,sub-concept,少
篇,sub-concept,纸张
前,sub-concept,居多
资源,sub-concept,印刷
建设,sub-concept,作用
硬载体,sub-concept,分
记录,sub-concept,两
创造,sub-concept,信息
传递,sub-concept,固定
学术,sub-concept,固定
剩下,sub-concept,名称
工具,sub-concept,纸质
周期,sub-concept,记录
倍,sub-concept,再版
剩下,sub-concept,少
磁带,sub-concept,媒体
论文,sub-concept,重复
剩下,sub-concept,极
重点,sub-concept,信息
命令,sub-concept,资源
对象,sub-concept,称
登载,sub-concept,媒体
再版,sub-concept,手写
期刊,sub-concept,期
物质,sub-concept,媒体
物质,sub-concept,信息
包含,sub-concept,般
样本,sub-concept,纸质
重复,sub-concept,指
检测,sub-concept,类型
前,sub-concept,统一
强,sub-concept,含义
搜集,sub-concept,顺序号
对手,sub-concept,信息
 ,sub-concept,极
水平,sub-concept,复制
口头,sub-concept,密
课程,sub-concept,资源
图书,sub-concept,包括
样本,sub-concept,种类
对象,sub-concept,载体
活动,sub-concept,类型
两,sub-concept,媒体
学术,sub-concept,极
加工,sub-concept,信息
类型,sub-concept,种类
时常,sub-concept,载体
区域,sub-concept,登载
编印,sub-concept,纸质
过程,sub-concept,载体
特性,sub-concept,资源
若干,sub-concept,续
水平,sub-concept,材料
决议,sub-concept,纸质
有机,sub-concept,客观
含量,sub-concept,纸质
水平,sub-concept,纸张
国内外,sub-concept,种类
重点,sub-concept,资源
发现,sub-concept,篇
统计,sub-concept,卷
两,sub-concept,多种
免费,sub-concept,种类
版式,sub-concept,集合
倍,sub-concept,内容
续,sub-concept,记录
软载体,sub-concept,媒体
建设,sub-concept,两
排序,sub-concept,版式
著名,sub-concept,记录
技术,sub-concept,纸质
缺点,sub-concept,密
续,sub-concept,媒体
版式,sub-concept,纸张
文献,sub-concept,指
引用率,sub-concept,记录
期,sub-concept,印刷
10,sub-concept,版式
学科,sub-concept,作者
传递,sub-concept,年月
进展期,sub-concept,资源
建设性,sub-concept,信息
可靠,sub-concept,载体
交流,sub-concept,信息
镜像,sub-concept,信息
统一,sub-concept,记录
区域,sub-concept,信息
过程,sub-concept,手段
传递,sub-concept,续
布拉德福,sub-concept,般
专利,sub-concept,资源
前,sub-concept,版式
10,sub-concept,出版物
n倍,sub-concept,文章
中,sub-concept,载体
国会,sub-concept,资源
原始,sub-concept,资源
概述,sub-concept,媒体
价,sub-concept,纸质
利用,sub-concept,类型
若干,sub-concept,重复
先进,sub-concept,资源
细节,sub-concept,媒体
文献,sub-concept,记录
显性,sub-concept,种类
服务器,sub-concept,资源
论文,sub-concept,般
官方,sub-concept,纸质
周期,sub-concept,载体
实力,sub-concept,类型
出版物,sub-concept,手写
传递,sub-concept,各期
磁带,sub-concept,含义
核心,sub-concept,复制
年,sub-concept,资源
期刊,sub-concept,纸质
体系,sub-concept,资源
设备,sub-concept,多种
缩微型,sub-concept,信息
名称,sub-concept,复制
交流,sub-concept,两
剩下,sub-concept,续
针对性,sub-concept,信息
搜集,sub-concept,重复
期刊,sub-concept,统一
机关,sub-concept,类型
语言,sub-concept,分
传递,sub-concept,重复
统计,sub-concept,名称
读者,sub-concept,材料
登载,sub-concept,年
重点,sub-concept,记录
新,sub-concept,分
登载,sub-concept,载体
单位,sub-concept,再版
有用,sub-concept,含义
代号,sub-concept,资源
符号,sub-concept,密
技术,sub-concept,文章
学术,sub-concept,各期
易于,sub-concept,信息
连续,sub-concept,复制
期刊,sub-concept,重复
书刊,sub-concept,信息
周期,sub-concept,复制
文献,sub-concept,般
指,sub-concept,类型
媒体,sub-concept,连续
数量,sub-concept,连续
文献,sub-concept,顺序号
续,sub-concept,手段
高,sub-concept,资源
顺序号,sub-concept,集合
两,sub-concept,年
文献,sub-concept,资源
磁带,sub-concept,类
类型,sub-concept,媒体
光盘,sub-concept,载体
学术,sub-concept,年月
技术,sub-concept,居多
n倍,sub-concept,定期
声波,sub-concept,客观
中,sub-concept,出版物
保存,sub-concept,类
技术,sub-concept,卷
技术,sub-concept,各期
n,sub-concept,集合
过程,sub-concept,媒体
决议,sub-concept,资源
导航,sub-concept,资源
发现,sub-concept,文章
过程,sub-concept,记录
发现,sub-concept,超过
思想,sub-concept,媒体
狭义,sub-concept,信息
10,sub-concept,少
科技,sub-concept,题
期刊,sub-concept,周期
公司,sub-concept,资源
媒体,sub-concept,类
n2,sub-concept,各期
电波,sub-concept,客观
n2,sub-concept,居多
判别,sub-concept,记录
课题,sub-concept,资源
足,sub-concept,分
续,sub-concept,载体
分,sub-concept,媒体
第三,sub-concept,内容
传递,sub-concept,称
指,sub-concept,印刷
类型,sub-concept,资源
信号,sub-concept,概述
资源,sub-concept,集合
可靠,sub-concept,类
称,sub-concept,手写
中,sub-concept,出版
包含,sub-concept,再版
承担,sub-concept,种类
n倍,sub-concept,各期
缺点,sub-concept,信息
磁盘,sub-concept,类
知识,sub-concept,要素
传递,sub-concept,极
中,sub-concept,纸质
n倍,sub-concept,居多
区域,sub-concept,资源
统计,sub-concept,年月
电,sub-concept,年月
口头,sub-concept,类
排序,sub-concept,各期
核心,sub-concept,文章
布拉德福,sub-concept,资源
磁盘,sub-concept,载体
人类,sub-concept,载体
10,sub-concept,重复
若干,sub-concept,周期
完整,sub-concept,资源
n2,sub-concept,顺序号
篇,sub-concept,集合
出版,sub-concept,包括
总称,sub-concept,看法
统计,sub-concept,登载
针对性,sub-concept,媒体
人类,sub-concept,类
记载,sub-concept,统一
指,sub-concept,纸质
符号,sub-concept,客观
第三,sub-concept,出版
DOE,sub-concept,信息
电波,sub-concept,分
读者,sub-concept,指
媒介,sub-concept,看法
第三,sub-concept,篇
加工,sub-concept,资源
收集,sub-concept,含义
综合国,sub-concept,看法
隐蔽,sub-concept,类
固定,sub-concept,印刷
图,sub-concept,手写
技术,sub-concept,版式
存贮,sub-concept,含义
高,sub-concept,印刷
学术,sub-concept,重复
含有,sub-concept,期刊
机关,sub-concept,纸质
体系,sub-concept,类型
代表,sub-concept,载体
连续,sub-concept,纸质
284,sub-concept,连续
排序,sub-concept,年月
成果,sub-concept,出版
定义,sub-concept,记录
资源,sub-concept,纸质
胶片,sub-concept,两
载体,sub-concept,客观
内容,sub-concept,纸质
发现,sub-concept,各期
有机,sub-concept,类
发现,sub-concept,作者
用户,sub-concept,资源
科学技术,sub-concept,出版物
 ,sub-concept,包括
信息,sub-concept,纸质
记录,sub-concept,信息
篇,sub-concept,印刷
媒体,sub-concept,文章
成就,sub-concept,少
研究,sub-concept,篇
资源,sub-concept,纸张
政策,sub-concept,信息
科技,sub-concept,思考
潜在性,sub-concept,信息
284,sub-concept,超过
媒体,sub-concept,少
数量,sub-concept,超过
学科,sub-concept,记录
版式,sub-concept,信息
学术,sub-concept,续
电,sub-concept,作者
区域,sub-concept,名称
n,sub-concept,记录
UNISCO,sub-concept,图书
方式,sub-concept,要素
劳动,sub-concept,看法
年,sub-concept,居多
质量,sub-concept,类型
质量,sub-concept,纸质
集合,sub-concept,含义
数量,sub-concept,作者
般,sub-concept,集合
综合国,sub-concept,资源
排序,sub-concept,极
综合国,sub-concept,信息
出版,sub-concept,载体
资源库,sub-concept,资源
前,sub-concept,作者
媒介,sub-concept,信息
结论,sub-concept,篇
积累,sub-concept,信息
视听型,sub-concept,信息
大型,sub-concept,信息
再版,sub-concept,媒体
参考,sub-concept,资源
结论,sub-concept,出版
周期,sub-concept,包括
培养,sub-concept,般
n2,sub-concept,重复
静态,sub-concept,种类
声波,sub-concept,信息
决议,sub-concept,类型
论文,sub-concept,信息
人类,sub-concept,看法
检阅,sub-concept,卷
重复,sub-concept,载体
培养,sub-concept,顺序号
总称,sub-concept,信息
作用,sub-concept,连续
284,sub-concept,极
历史,sub-concept,信息
理想,sub-concept,信息
内容,sub-concept,图书
学术,sub-concept,版式
会议,sub-concept,种类
文献,sub-concept,名称
倍,sub-concept,顺序号
科学技术,sub-concept,超过
定义,sub-concept,媒体
足,sub-concept,称
定性,sub-concept,概述
之上,sub-concept,图书
服务,sub-concept,种类
学术性,sub-concept,登载
10,sub-concept,周期
倍,sub-concept,般
含量,sub-concept,复制
活动,sub-concept,纸质
网络型,sub-concept,资源
n倍,sub-concept,固定
细节,sub-concept,含义
胶片,sub-concept,客观
寿命,sub-concept,信息
资源,sub-concept,称
承载,sub-concept,两
数量,sub-concept,出版物
排序,sub-concept,固定
居多,sub-concept,复制
成果,sub-concept,资源
搜集,sub-concept,篇
社会,sub-concept,看法
两,sub-concept,作者
理解,sub-concept,含义
内容,sub-concept,称
媒介,sub-concept,资源
统计,sub-concept,资源
资源库,sub-concept,信息
期刊,sub-concept,出版
归纳,sub-concept,信息
前,sub-concept,期
权限,sub-concept,资源
文字,sub-concept,密
资源,sub-concept,看法
续,sub-concept,手写
作用,sub-concept,极
网页,sub-concept,信息
传递,sub-concept,定期
信息,sub-concept,图书
内外,sub-concept,资源
转换,sub-concept,多种
版式,sub-concept,印刷
文献,sub-concept,载体
表现,sub-concept,密
收集,sub-concept,看法
若干,sub-concept,居多
隐蔽,sub-concept,媒体
学术性,sub-concept,文章
服务器,sub-concept,种类
各期,sub-concept,手写
免费,sub-concept,资源
第一,sub-concept,密
种类,sub-concept,信息
剩下,sub-concept,统一
官方,sub-concept,类型
 ,sub-concept,期
包含,sub-concept,媒体
主观,sub-concept,类
成就,sub-concept,居多
两,sub-concept,含义
政务,sub-concept,资源
学术性,sub-concept,固定
可靠,sub-concept,称
少,sub-concept,指
期刊,sub-concept,续
 ,sub-concept,名称
成果,sub-concept,周期
若干,sub-concept,作者
学科,sub-concept,篇
含有,sub-concept,周期
判别,sub-concept,思考
维护,sub-concept,资源
n2,sub-concept,统一
篇,sub-concept,手段
成果,sub-concept,内容
ISO规定,sub-concept,图书
284,sub-concept,重复
人脑,sub-concept,分
数量,sub-concept,定期
纸质,sub-concept,纸张
般,sub-concept,载体
 ,sub-concept,版式
年月,sub-concept,纸张
媒体,sub-concept,定期
要点,sub-concept,信息
排序,sub-concept,顺序号
核心,sub-concept,指
观点,sub-concept,看法
表现,sub-concept,概述
生产,sub-concept,信息
搜集,sub-concept,作者
强,sub-concept,密
国会,sub-concept,纸质
宣传品,sub-concept,类型
定律,sub-concept,资源
公开,sub-concept,资源
利用率,sub-concept,印刷
人才,sub-concept,版式
期刊,sub-concept,少
中,sub-concept,般
图,sub-concept,载体
形式,sub-concept,含义
指,sub-concept,客观
针对性,sub-concept,称
光盘,sub-concept,密
书刊,sub-concept,资源
指,sub-concept,密
学术性,sub-concept,内容
284,sub-concept,续
电,sub-concept,期
物质,sub-concept,类
随意性,sub-concept,密
区域,sub-concept,般
人才,sub-concept,出版
区域,sub-concept,期刊
n2,sub-concept,卷
布拉德福,sub-concept,信息
印刷,sub-concept,建设
期刊,sub-concept,作者
类型,sub-concept,手写
规律,sub-concept,概述
再版,sub-concept,复制
若干,sub-concept,出版
区域,sub-concept,顺序号
人脑,sub-concept,信息
媒体,sub-concept,期
准确,sub-concept,纸质
内容,sub-concept,两
重点,sub-concept,纸张
产品,sub-concept,纸质
第三,sub-concept,重复
人才,sub-concept,再版
分,sub-concept,信息
文献,sub-concept,包括
时,sub-concept,资源
居多,sub-concept,记录
作者,sub-concept,纸张
单位,sub-concept,固定
收集,sub-concept,资源
标准,sub-concept,手写
磁带,sub-concept,客观
大型,sub-concept,种类
检索,sub-concept,类型
可靠,sub-concept,两
著名,sub-concept,纸张
编辑,sub-concept,种类
文献,sub-concept,再版
伴随,sub-concept,资源
课程,sub-concept,类型
年,sub-concept,信息
四,sub-concept,纸质
国际,sub-concept,资源
统一,sub-concept,纸质
定期,sub-concept,复制
倍,sub-concept,文章
居多,sub-concept,载体
载体,sub-concept,建设
利用,sub-concept,客观
共,sub-concept,极
被摘率,sub-concept,印刷
政府,sub-concept,类型
文献,sub-concept,出版
极,sub-concept,类型
样本,sub-concept,类型
般,sub-concept,印刷
称,sub-concept,客观
包含,sub-concept,年月
作用,sub-concept,续
可靠,sub-concept,含义
包括,sub-concept,图书
著名,sub-concept,印刷
进展期,sub-concept,信息
材料,sub-concept,要素
10,sub-concept,居多
主观,sub-concept,载体
高,sub-concept,信息
新,sub-concept,含义
年,sub-concept,登载
名称,sub-concept,纸张
10,sub-concept,各期
第三,sub-concept,期刊
布拉德福,sub-concept,集合
软载体,sub-concept,类
广义,sub-concept,看法
情况,sub-concept,种类
出版,sub-concept,类型
成果,sub-concept,续
作者,sub-concept,材料
信息,sub-concept,纸张
分为,sub-concept,类型
核心,sub-concept,周期
系列,sub-concept,纸质
企业,sub-concept,类型
对象,sub-concept,分
等同,sub-concept,多种
意识,sub-concept,信息
利用率,sub-concept,材料
10,sub-concept,作者
发现,sub-concept,定期
磁盘,sub-concept,称
报告,sub-concept,资源
承载,sub-concept,称
定,sub-concept,类型
详细性,sub-concept,信息
卷,sub-concept,包括
学位,sub-concept,类型
排序,sub-concept,定期
检阅,sub-concept,统一
价,sub-concept,看法
区域,sub-concept,手写
永久,sub-concept,信息
先进,sub-concept,类型
存储,sub-concept,两
被摘率,sub-concept,集合
10,sub-concept,定期
够,sub-concept,信息
提供,sub-concept,称
媒体,sub-concept,含义
有序化,sub-concept,含义
固定,sub-concept,纸张
收集,sub-concept,纸质
中,sub-concept,期
前,sub-concept,定期
选题,sub-concept,资源
称,sub-concept,记录
出版物,sub-concept,纸质
固定,sub-concept,集合
 ,sub-concept,各期
前,sub-concept,期刊
单位,sub-concept,年月
保存,sub-concept,含义
固定,sub-concept,纸质
组织,sub-concept,看法
顺序号,sub-concept,资源
记载,sub-concept,篇
代表,sub-concept,指
源,sub-concept,资源
包含,sub-concept,续
学位,sub-concept,信息
磁盘,sub-concept,媒体
成就,sub-concept,名称
强,sub-concept,资源
镜像,sub-concept,资源
交流,sub-concept,资源
数量,sub-concept,续
光盘,sub-concept,客观
年,sub-concept,少
集合,sub-concept,看法
期刊,sub-concept,定期
内容,sub-concept,印刷
 ,sub-concept,文章
含有,sub-concept,居多
第三,sub-concept,年
密,sub-concept,信息
导航,sub-concept,种类
信息,sub-concept,年
家,sub-concept,类型
技术,sub-concept,周期
统计,sub-concept,定期
表现,sub-concept,类型
得以,sub-concept,信息
文献,sub-concept,种类
出版物,sub-concept,种类
数量,sub-concept,重复
期刊,sub-concept,各期
出版,sub-concept,指
共,sub-concept,年
人脑,sub-concept,客观
期刊,sub-concept,居多
倍,sub-concept,出版
文件,sub-concept,资源
搜集,sub-concept,统一
布拉德福,sub-concept,登载
无限性,sub-concept,特征
题,sub-concept,种类
年,sub-concept,集合
记录,sub-concept,密
政府,sub-concept,信息
版式,sub-concept,包括
n倍,sub-concept,出版物
规章制度,sub-concept,信息
时,sub-concept,类型
各期,sub-concept,手段
加工,sub-concept,看法
时常,sub-concept,称
第三,sub-concept,连续
n2,sub-concept,作者
搜集,sub-concept,般
什,sub-concept,资源
国际,sub-concept,类型
即P,sub-concept,纸质
定义,sub-concept,手写
续,sub-concept,资源
课程,sub-concept,信息
资源,sub-concept,指
存放,sub-concept,信息
电,sub-concept,固定
 ,sub-concept,手段
标准,sub-concept,材料
被摘率,sub-concept,包括
检索,sub-concept,信息
各期,sub-concept,纸张
真实,sub-concept,信息
n倍,sub-concept,周期
信息,sub-concept,期
加工,sub-concept,两
失真,sub-concept,客观
伴随,sub-concept,纸质
发展,sub-concept,复制
49,sub-concept,年
NASA,sub-concept,类型
密级,sub-concept,资源
发现,sub-concept,顺序号
检阅,sub-concept,年
能源部,sub-concept,信息
结论,sub-concept,版式
p,sub-concept,印刷
重点,sub-concept,媒体
作者,sub-concept,纸质
载体,sub-concept,含义
协议,sub-concept,信息
发现,sub-concept,般
225,sub-concept,版式
PB,sub-concept,纸质
获取,sub-concept,类型
 ,sub-concept,指
少,sub-concept,手段
学术性,sub-concept,超过
图书,sub-concept,纸张
代表,sub-concept,印刷
存储,sub-concept,客观
工具,sub-concept,图书
科学技术,sub-concept,登载
定义,sub-concept,纸张
225,sub-concept,出版
归纳,sub-concept,含义
n倍,sub-concept,少
结论,sub-concept,期
美国,sub-concept,题
情报,sub-concept,要素
培养,sub-concept,重复
媒体,sub-concept,极
包含,sub-concept,固定
固定,sub-concept,载体
长,sub-concept,手写
企业,sub-concept,资源
宣传品,sub-concept,信息
强,sub-concept,类
n2,sub-concept,篇
含有,sub-concept,名称
剩下,sub-concept,作者
两,sub-concept,文章
核心,sub-concept,材料
电,sub-concept,顺序号
第三,sub-concept,极
名称,sub-concept,材料
各类,sub-concept,种类
电,sub-concept,极
文献,sub-concept,称
各期,sub-concept,媒体
成果,sub-concept,版式
统计,sub-concept,期
期刊,sub-concept,思考
核心,sub-concept,居多
连续,sub-concept,载体
核心,sub-concept,各期
商业,sub-concept,纸质
文献,sub-concept,极
信息,sub-concept,媒体
居多,sub-concept,包括
学术,sub-concept,连续
流通,sub-concept,信息
序化,sub-concept,看法
解,sub-concept,纸质
设计,sub-concept,类型
集合,sub-concept,建设
课题,sub-concept,纸质
第三,sub-concept,出版物
划分,sub-concept,种类
单位,sub-concept,篇
排序,sub-concept,出版物
图书,sub-concept,集合
源,sub-concept,类型
少,sub-concept,载体
年,sub-concept,周期
存放,sub-concept,种类
研究,sub-concept,极
区域,sub-concept,统一
国,sub-concept,类型
指,sub-concept,图书
般,sub-concept,指
单位,sub-concept,重复
名称,sub-concept,集合
状态,sub-concept,种类
核心,sub-concept,载体
信息,sub-concept,期刊
成就,sub-concept,期刊
225,sub-concept,少
寿命,sub-concept,纸张
分类表,sub-concept,纸质
有用,sub-concept,看法
真实,sub-concept,两
论文,sub-concept,各期
成就,sub-concept,顺序号
检阅,sub-concept,周期
定律,sub-concept,信息
公开,sub-concept,信息
科学技术,sub-concept,篇
经费,sub-concept,纸质
图,sub-concept,指
情况,sub-concept,纸质
细节,sub-concept,密
文献,sub-concept,期刊
称,sub-concept,载体
电波,sub-concept,称
知识,sub-concept,信息
针对性,sub-concept,密
有限,sub-concept,媒体
期刊,sub-concept,记录
卷,sub-concept,印刷
 ,sub-concept,出版
传递,sub-concept,超过
单位,sub-concept,周期
媒体,sub-concept,各期
传递,sub-concept,载体
中,sub-concept,续
布拉德福,sub-concept,记录
说明书,sub-concept,信息
检阅,sub-concept,出版物
单位,sub-concept,内容
标准,sub-concept,信息
n倍,sub-concept,年月
标准,sub-concept,媒体
书目,sub-concept,信息
寿命,sub-concept,手段
搜集,sub-concept,卷
分布,sub-concept,复制
顺序号,sub-concept,指
发现,sub-concept,极
代表,sub-concept,包括
方针,sub-concept,类型
值,sub-concept,资源
刊载,sub-concept,包括
载体,sub-concept,称
磁带,sub-concept,载体
登载,sub-concept,文章
期刊,sub-concept,指
论文,sub-concept,集合
技术,sub-concept,连续
流通,sub-concept,手写
有什,sub-concept,题
发展,sub-concept,记录
居多,sub-concept,指
第一,sub-concept,媒体
信息源,sub-concept,种类
登载,sub-concept,少
n2,sub-concept,期
人才,sub-concept,顺序号
建设,sub-concept,密
定义,sub-concept,材料
发展,sub-concept,信息
利用率,sub-concept,指
机密,sub-concept,信息
内容,sub-concept,集合
信息,sub-concept,概述
作用,sub-concept,统一
信号,sub-concept,信息
技术,sub-concept,年
文章,sub-concept,指
超过,sub-concept,纸质
人才,sub-concept,般
倍,sub-concept,少
权威,sub-concept,纸质
结论,sub-concept,居多
获取,sub-concept,资源
核心,sub-concept,版式
定期,sub-concept,指
搜集,sub-concept,极
侵权,sub-concept,信息
记载,sub-concept,内容
合作,sub-concept,资源
判别,sub-concept,题
技术,sub-concept,年月
连续,sub-concept,印刷
两,sub-concept,连续
科学技术,sub-concept,周期
各期,sub-concept,材料
284,sub-concept,出版物
培养,sub-concept,期
区域,sub-concept,卷
10,sub-concept,再版
n2,sub-concept,般
n,sub-concept,资源
长,sub-concept,信息
侵权,sub-concept,类型
本体,sub-concept,看法
承载,sub-concept,载体
协议,sub-concept,种类
印刷,sub-concept,信息
版式,sub-concept,指
284,sub-concept,内容
分布,sub-concept,信息
培养,sub-concept,卷
培养,sub-concept,内容
学科,sub-concept,资源
记录,sub-concept,类型
学术,sub-concept,文章
宣读,sub-concept,资源
系统,sub-concept,资源
电子型,sub-concept,种类
发现,sub-concept,再版
规避,sub-concept,纸质
论文,sub-concept,出版
用于,sub-concept,含义
包括,sub-concept,建设
区域,sub-concept,媒体
利用率,sub-concept,信息
期,sub-concept,资源
撰写,sub-concept,纸质
著名,sub-concept,信息
表达,sub-concept,客观
随意性,sub-concept,分
真实,sub-concept,密
功能,sub-concept,概述
浓度,sub-concept,含义
登载,sub-concept,集合
少,sub-concept,集合
论文,sub-concept,文章
图书,sub-concept,载体
文献,sub-concept,两
方针,sub-concept,信息
文献,sub-concept,期
p,sub-concept,集合
刊载,sub-concept,载体
书目,sub-concept,类型
图书,sub-concept,图书
过程,sub-concept,印刷
学术性,sub-concept,连续
前,sub-concept,出版
手段,sub-concept,要素
固定,sub-concept,材料
媒体,sub-concept,期刊
225,sub-concept,登载
学科,sub-concept,极
作用,sub-concept,年月
教科文,sub-concept,类型
连续,sub-concept,集合
卷,sub-concept,信息
传递,sub-concept,出版
统计,sub-concept,少
存储,sub-concept,信息
成果,sub-concept,统一
文章,sub-concept,包括
机构,sub-concept,纸质
统计,sub-concept,文章
文件,sub-concept,纸质
可靠性,sub-concept,客观
人才,sub-concept,居多
承担,sub-concept,信息
作用,sub-concept,年
提供,sub-concept,信息
期刊,sub-concept,名称
 ,sub-concept,定期
人类,sub-concept,含义
文献,sub-concept,定期
信息,sub-concept,种类
第三,sub-concept,卷
否,sub-concept,信息
瞬时性,sub-concept,信息
经济,sub-concept,信息
思考,sub-concept,信息
图,sub-concept,纸质
组织,sub-concept,含义
期,sub-concept,记录
排序,sub-concept,超过
区域,sub-concept,纸张
信息,sub-concept,名称
人才,sub-concept,定期
期,sub-concept,媒体
包含,sub-concept,篇
国,sub-concept,信息
布拉德福,sub-concept,居多
学科,sub-concept,载体
胶片,sub-concept,载体
225,sub-concept,统一
物质,sub-concept,概述
单位,sub-concept,登载
政务,sub-concept,纸质
称为,sub-concept,手段
真实性,sub-concept,特征
学科,sub-concept,集合
国内外贸易,sub-concept,类型
重复,sub-concept,手段
提供,sub-concept,分
藏,sub-concept,资源
依附体,sub-concept,信息
非密,sub-concept,纸质
核心,sub-concept,手写
篇,sub-concept,媒体
表达,sub-concept,载体
得以,sub-concept,称
国防部,sub-concept,纸质
历史,sub-concept,资源
n2,sub-concept,资源
时常,sub-concept,密
表述,sub-concept,媒体
内外,sub-concept,含义
第三,sub-concept,名称
载体,sub-concept,两
人才,sub-concept,期
284,sub-concept,年
中,sub-concept,材料
媒体,sub-concept,再版
对象,sub-concept,两
单位,sub-concept,超过
称为,sub-concept,材料
重点,sub-concept,手写
人才,sub-concept,登载
极,sub-concept,载体
学术性,sub-concept,篇
数量,sub-concept,再版
司法,sub-concept,纸质
加工,sub-concept,含义
称,sub-concept,纸质
作用,sub-concept,题
包含,sub-concept,周期
发现,sub-concept,期
成果,sub-concept,篇
论文,sub-concept,再版
学科,sub-concept,各期
合作,sub-concept,类型
建设,sub-concept,类
保存型,sub-concept,信息
信息源,sub-concept,载体
长,sub-concept,媒体
名称,sub-concept,信息
刊载,sub-concept,纸张
创造,sub-concept,多种
研究,sub-concept,资源
存贮,sub-concept,看法
获取,sub-concept,信息
媒体,sub-concept,建设
极,sub-concept,手段
学科,sub-concept,年月
培养,sub-concept,登载
定,sub-concept,资源
卷,sub-concept,资源
文章,sub-concept,纸质
培养,sub-concept,作者
可靠,sub-concept,密
传递,sub-concept,再版
过程,sub-concept,看法
发展,sub-concept,功能
前,sub-concept,名称
科学技术,sub-concept,居多
硬载体,sub-concept,信息
提供,sub-concept,两
期刊,sub-concept,包括
倍,sub-concept,固定
学位,sub-concept,种类
现状,sub-concept,纸质
包含,sub-concept,连续
综合国,sub-concept,多种
动态性,sub-concept,信息
真实,sub-concept,类型
什,sub-concept,题
捕获,sub-concept,种类
单位,sub-concept,出版物
排序,sub-concept,篇
般,sub-concept,手段
49,sub-concept,续
信息,sub-concept,手写
含有,sub-concept,连续
方针,sub-concept,资源
有限,sub-concept,含义
实力,sub-concept,信息
光波,sub-concept,分
共,sub-concept,出版
著名,sub-concept,载体
创造,sub-concept,含义
225,sub-concept,卷
宣读,sub-concept,信息
导航,sub-concept,信息
人才,sub-concept,作者
筛选,sub-concept,种类
有用,sub-concept,信息
DOE,sub-concept,资源
指,sub-concept,称
符号,sub-concept,载体
被摘率,sub-concept,载体
文献指,sub-concept,信息
225,sub-concept,期
电波,sub-concept,两
间接,sub-concept,信息
284,sub-concept,篇
图书,sub-concept,种类
媒体,sub-concept,名称
情报源,sub-concept,信息
作用,sub-concept,固定
定律,sub-concept,指
家,sub-concept,信息
机构,sub-concept,资源
检阅,sub-concept,重复
著名,sub-concept,手段
指,sub-concept,材料
确认,sub-concept,纸质
有机,sub-concept,信息
判别,sub-concept,信息
被摘率,sub-concept,复制
性质,sub-concept,纸质
中,sub-concept,顺序号
磁盘,sub-concept,客观
表现,sub-concept,资源
单位,sub-concept,作者
引进,sub-concept,资源
信息,sub-concept,版式
包含,sub-concept,文章
中,sub-concept,期刊
统计,sub-concept,出版
存储,sub-concept,密
技术,sub-concept,登载
信息,sub-concept,续
成就,sub-concept,出版
中,sub-concept,版式
出版物,sub-concept,思考
保存,sub-concept,两
统计,sub-concept,篇
版式,sub-concept,复制
年月,sub-concept,载体
否,sub-concept,种类
资源,sub-concept,两
记载,sub-concept,周期
前,sub-concept,少
学术性,sub-concept,出版物
实物,sub-concept,媒体
媒体,sub-concept,客观
纸张,sub-concept,信息
开发,sub-concept,含义
图,sub-concept,印刷
学科,sub-concept,固定
被摘率,sub-concept,材料
公司,sub-concept,类型
社会,sub-concept,种类
表现,sub-concept,媒体
称,sub-concept,称
电波,sub-concept,载体
顺序号,sub-concept,载体
人才,sub-concept,出版物
服务器,sub-concept,信息
图,sub-concept,纸张
流通,sub-concept,媒体
声波,sub-concept,类
人脑,sub-concept,媒体
等同,sub-concept,含义
先进,sub-concept,信息
期刊,sub-concept,载体
狭义,sub-concept,资源
学术,sub-concept,期
知识,sub-concept,图书
文献,sub-concept,纸质
主观,sub-concept,密
资源,sub-concept,种类
免费,sub-concept,纸质
拷贝,sub-concept,种类
检测,sub-concept,信息
利用,sub-concept,媒体
输出,sub-concept,资源
结论,sub-concept,少
225,sub-concept,作者
成果,sub-concept,类型
国内外,sub-concept,纸质
瞬时性,sub-concept,密
p,sub-concept,记录
n,sub-concept,手写
企业,sub-concept,信息
纸质,sub-concept,载体
倍,sub-concept,各期
利用率,sub-concept,复制
针对性,sub-concept,分
定期,sub-concept,载体
搜集,sub-concept,期
纸质,sub-concept,资源
定律,sub-concept,包括
模仿,sub-concept,类型
称为,sub-concept,集合
225,sub-concept,定期
中,sub-concept,纸张
著名,sub-concept,材料
 ,sub-concept,重复
 ,sub-concept,信息
指向性,sub-concept,信息
剩下,sub-concept,周期
被摘率,sub-concept,纸质
成果,sub-concept,年
秘密,sub-concept,信息
n2,sub-concept,极
定义,sub-concept,密
剩下,sub-concept,内容
搜集,sub-concept,版式
含量,sub-concept,载体
要点,sub-concept,多种
AD,sub-concept,信息
发行,sub-concept,类型
失真,sub-concept,载体
种类,sub-concept,概述
极,sub-concept,纸张
流通,sub-concept,资源
判别,sub-concept,手段
缩微型,sub-concept,种类
资源,sub-concept,包括
包含,sub-concept,类
隐蔽,sub-concept,信息
生产,sub-concept,作用
新颖性,sub-concept,纸质
对手,sub-concept,纸质
内容,sub-concept,包括
10,sub-concept,般
资料,sub-concept,信息
重复,sub-concept,信息
著名,sub-concept,类型
创造,sub-concept,看法
即P,sub-concept,资源
 ,sub-concept,续
电,sub-concept,少
规章制度,sub-concept,资源
倍,sub-concept,年月
 ,sub-concept,少
学术,sub-concept,作者
电,sub-concept,续
10,sub-concept,顺序号
p,sub-concept,资源
统一,sub-concept,复制
信息,sub-concept,材料
过程,sub-concept,纸张
登载,sub-concept,资源
49,sub-concept,统一
人脑,sub-concept,载体
两,sub-concept,看法
学术,sub-concept,周期
捕获,sub-concept,信息
易于,sub-concept,类
定义,sub-concept,概述
称,sub-concept,含义
利用率,sub-concept,包括
学术,sub-concept,内容
运动,sub-concept,信息
检阅,sub-concept,超过
发明,sub-concept,信息
读者,sub-concept,手段
检阅,sub-concept,少
开发,sub-concept,称
标准,sub-concept,复制
建设,sub-concept,看法
p,sub-concept,手段
著名,sub-concept,复制
单位,sub-concept,连续
培养,sub-concept,版式
语言,sub-concept,类
接点,sub-concept,信息
电,sub-concept,重复
被摘率,sub-concept,媒体
引用率,sub-concept,手段
物质,sub-concept,分
记载,sub-concept,期
检阅,sub-concept,连续
单位,sub-concept,卷
重复,sub-concept,印刷
快捷,sub-concept,信息
包含,sub-concept,含义
时常,sub-concept,客观
技术,sub-concept,内容
读者,sub-concept,资源
期,sub-concept,手写
长期,sub-concept,信息
检阅,sub-concept,登载
载体,sub-concept,图书
能源部,sub-concept,资源
文献,sub-concept,复制
版式,sub-concept,媒体
学科,sub-concept,少
足,sub-concept,两
概念,sub-concept,信息
密,sub-concept,媒体
商业,sub-concept,资源
发放,sub-concept,类型
出版,sub-concept,印刷
年月,sub-concept,纸质
中,sub-concept,名称
信息,sub-concept,建设
内容,sub-concept,资源
n2,sub-concept,手写
第三,sub-concept,各期
会议,sub-concept,类型
学术性,sub-concept,卷
存贮,sub-concept,资源
手写,sub-concept,信息
篇,sub-concept,手写
人才,sub-concept,卷
媒体,sub-concept,载体
永久,sub-concept,种类
单位,sub-concept,统一
n2,sub-concept,出版物
倍,sub-concept,统一
标准,sub-concept,纸张
值,sub-concept,纸质
内容,sub-concept,指
浓度,sub-concept,称
年,sub-concept,指
再版,sub-concept,信息
登载,sub-concept,固定
期刊,sub-concept,年
文章,sub-concept,集合
布拉德福,sub-concept,年
文献,sub-concept,材料
针对性,sub-concept,纸质
单位,sub-concept,文章
四,sub-concept,题
研究,sub-concept,出版
排序,sub-concept,内容
广义,sub-concept,信息
核心,sub-concept,统一
参谋,sub-concept,作用
发展,sub-concept,纸张
论文,sub-concept,指
活动,sub-concept,多种
年,sub-concept,记录
流行,sub-concept,信息
读者,sub-concept,记录
软载体,sub-concept,分
n倍,sub-concept,出版
布拉德福,sub-concept,指
两,sub-concept,重复
相关,sub-concept,看法
核心,sub-concept,定期
媒体,sub-concept,顺序号
可靠性,sub-concept,密
手写,sub-concept,建设
记录,sub-concept,分
含义,sub-concept,资源
报告,sub-concept,类型
信息,sub-concept,密
n2,sub-concept,纸质
数量,sub-concept,极
媒体,sub-concept,般
意识,sub-concept,媒体
n2,sub-concept,出版
n倍,sub-concept,超过
数量,sub-concept,般
出版物,sub-concept,图书
10,sub-concept,名称
理解,sub-concept,多种
电,sub-concept,般
225,sub-concept,出版物
两,sub-concept,统一
语言,sub-concept,载体
选择,sub-concept,含义
第一,sub-concept,载体
期,sub-concept,纸质
索取,sub-concept,资源
定义,sub-concept,类
49,sub-concept,文章
n2,sub-concept,超过
利用率,sub-concept,纸张
论文,sub-concept,题
居多,sub-concept,纸张
作者,sub-concept,记录
理想,sub-concept,类型
页,sub-concept,图书
提供,sub-concept,含义
49,sub-concept,少
若干,sub-concept,年月
水平,sub-concept,信息
本体,sub-concept,资源
发展,sub-concept,媒体
培养,sub-concept,超过
编印,sub-concept,信息
期刊,sub-concept,期刊
人才,sub-concept,周期
学术性,sub-concept,重复
区域,sub-concept,包括
作用,sub-concept,资源
手段,sub-concept,资源
纸,sub-concept,信息
中,sub-concept,信息
利用,sub-concept,多种
统计,sub-concept,版式
两,sub-concept,卷
组织,sub-concept,信息
若干,sub-concept,年
年,sub-concept,内容
胶片,sub-concept,含义
登载,sub-concept,年月
光波,sub-concept,载体
人才,sub-concept,重复
n2,sub-concept,纸张
判别,sub-concept,资源
称,sub-concept,集合
行业,sub-concept,纸质
科学技术,sub-concept,般
n,sub-concept,载体
社会,sub-concept,作用
类,sub-concept,看法
第三,sub-concept,固定
利用率,sub-concept,手段
学术,sub-concept,类型
n2,sub-concept,登载
联合国,sub-concept,资源
命令,sub-concept,类型
布拉德福,sub-concept,周期
记载,sub-concept,版式
n,sub-concept,纸张
区域,sub-concept,纸质
人才,sub-concept,期刊
表达,sub-concept,含义
区域,sub-concept,出版
运动,sub-concept,种类
价,sub-concept,信息
用于,sub-concept,媒体
成就,sub-concept,般
登载,sub-concept,各期
电,sub-concept,连续
布拉德福,sub-concept,作者
寿命,sub-concept,指
政策,sub-concept,类型
学科,sub-concept,统一
文献,sub-concept,版式
定律,sub-concept,手写
49,sub-concept,极
两,sub-concept,年月
DOE,sub-concept,纸质
理解,sub-concept,看法
足,sub-concept,信息
学术,sub-concept,年
失真,sub-concept,分
刊载,sub-concept,资源
国内外贸易,sub-concept,资源
信息,sub-concept,分
得以,sub-concept,类
第三,sub-concept,作者
思想,sub-concept,要素
结论,sub-concept,定期
定义,sub-concept,手段
可靠性,sub-concept,分
论文,sub-concept,年
理解,sub-concept,信息
两,sub-concept,居多
年,sub-concept,篇
第三,sub-concept,超过
两,sub-concept,各期
申请,sub-concept,纸质
续,sub-concept,集合
价,sub-concept,特性
周期,sub-concept,材料
论文,sub-concept,年月
倍,sub-concept,续
n,sub-concept,手段
价,sub-concept,资源
学术性,sub-concept,极
学科,sub-concept,连续
刊载,sub-concept,媒体
专利,sub-concept,纸质
网页,sub-concept,种类
新颖,sub-concept,资源
材料,sub-concept,信息
积累,sub-concept,多种
动力,sub-concept,作用
n,sub-concept,媒体
刊载,sub-concept,手段
统计,sub-concept,年
布拉德福,sub-concept,篇
作用,sub-concept,文章
225,sub-concept,重复
统计,sub-concept,信息
印刷型,sub-concept,资源
网络,sub-concept,种类
实物,sub-concept,含义
成果,sub-concept,定期
纸质,sub-concept,指
出版物,sub-concept,纸张
作用,sub-concept,出版
作用,sub-concept,纸质
常用,sub-concept,资源
科学技术,sub-concept,卷
搜集,sub-concept,出版物
数量,sub-concept,出版
光盘,sub-concept,分
49,sub-concept,连续
传递,sub-concept,出版物
正式,sub-concept,类型
含有,sub-concept,续
反馈,sub-concept,载体
排序,sub-concept,年
10,sub-concept,登载
状态,sub-concept,信息
含量,sub-concept,指
再版,sub-concept,纸张
登载,sub-concept,纸质
培养,sub-concept,周期
论文,sub-concept,纸质
劳动,sub-concept,含义
经验,sub-concept,图书
表现,sub-concept,两
胶片,sub-concept,类
指,sub-concept,多种
主观,sub-concept,媒体
历史,sub-concept,纸质
发现,sub-concept,出版
传递,sub-concept,媒体
开发,sub-concept,类型
包括,sub-concept,看法
连续,sub-concept,资源
年,sub-concept,作者
入,sub-concept,资源
电子型,sub-concept,资源
10,sub-concept,期刊
区域,sub-concept,超过
供,sub-concept,资源
成果,sub-concept,居多
n2,sub-concept,版式
要点,sub-concept,含义
含有,sub-concept,重复
论文,sub-concept,包括
引用率,sub-concept,印刷
传递,sub-concept,纸质
极,sub-concept,包括
成熟,sub-concept,纸质
点击,sub-concept,种类
保存,sub-concept,分
动态性,sub-concept,特性
少,sub-concept,复制
定义,sub-concept,信息
搜集,sub-concept,出版
过程,sub-concept,材料
美国,sub-concept,资源
培养,sub-concept,名称
学术性,sub-concept,各期
指,sub-concept,信息
联合国,sub-concept,类型
光波,sub-concept,客观
媒介,sub-concept,媒体
记录,sub-concept,类
被摘率,sub-concept,手写
研究,sub-concept,统一
区域,sub-concept,极
资源,sub-concept,手写
共,sub-concept,年月
技术,sub-concept,固定
含有,sub-concept,少
少,sub-concept,材料
记录,sub-concept,载体
用于,sub-concept,类
信息源,sub-concept,媒体
期刊,sub-concept,登载
版式,sub-concept,手写
连续,sub-concept,记录
权威,sub-concept,资源
保存,sub-concept,信息
提取,sub-concept,含义
观点,sub-concept,资源
加工,sub-concept,多种
续,sub-concept,纸质
区域,sub-concept,复制
机构,sub-concept,种类
定义,sub-concept,分
资源,sub-concept,信息
出版物,sub-concept,复制
居多,sub-concept,材料
各期,sub-concept,印刷
用于,sub-concept,载体
顺序号,sub-concept,纸质
记载,sub-concept,年
方式,sub-concept,媒体
布拉德福,sub-concept,期
n2,sub-concept,媒体
引用率,sub-concept,集合
媒介,sub-concept,多种
第一,sub-concept,客观
动态,sub-concept,信息
内容,sub-concept,信息
学科,sub-concept,文章
东西,sub-concept,信息
浓度,sub-concept,载体
存储,sub-concept,媒体
对象,sub-concept,信息
出发,sub-concept,信息
登载,sub-concept,续
篇,sub-concept,记录
两,sub-concept,固定
期,sub-concept,包括
包括,sub-concept,资源
口头,sub-concept,载体
结论,sub-concept,统一
极,sub-concept,资源
成就,sub-concept,再版
搜集,sub-concept,登载
撰写,sub-concept,资源
统一,sub-concept,纸张
剩下,sub-concept,年
承载,sub-concept,类
论文,sub-concept,资源
可靠,sub-concept,信息
核心,sub-concept,续
区域,sub-concept,载体
过程,sub-concept,复制
易于,sub-concept,客观
信息源,sub-concept,分
信息源,sub-concept,称
再生性,sub-concept,资源
10,sub-concept,内容
媒体,sub-concept,分
有机,sub-concept,密
集合,sub-concept,资源
若干,sub-concept,登载
单位,sub-concept,少
周期,sub-concept,手写
表达,sub-concept,类
产权,sub-concept,类型
引进,sub-concept,纸质
永久,sub-concept,媒体
利用率,sub-concept,手写
点击,sub-concept,信息
人类,sub-concept,资源
科学技术,sub-concept,定期
文字,sub-concept,载体
两,sub-concept,少
人类,sub-concept,客观
水平,sub-concept,印刷
科学技术,sub-concept,期刊
文献,sub-concept,密
表现,sub-concept,载体
宇航局,sub-concept,类型
寿命,sub-concept,资源
划分,sub-concept,资源
正式,sub-concept,资源
倍,sub-concept,连续
系统,sub-concept,类型
科学技术,sub-concept,重复
产品,sub-concept,信息
含,sub-concept,图书
学科,sub-concept,续
读者,sub-concept,印刷
接受,sub-concept,信息
发行,sub-concept,资源
重复,sub-concept,资源
结论,sub-concept,周期
劳动,sub-concept,资源
代表,sub-concept,记录
软载体,sub-concept,客观
资料,sub-concept,资源
技术,sub-concept,少
含有,sub-concept,固定
形式,sub-concept,多种
主观,sub-concept,两
搜集,sub-concept,定期
中,sub-concept,极
选题,sub-concept,类型
技术,sub-concept,名称
学科,sub-concept,般
四,sub-concept,资源
实用性,sub-concept,信息
两,sub-concept,登载
即P,sub-concept,载体
冗余性,sub-concept,特性
研究生,sub-concept,纸质
发展,sub-concept,手写
复制,sub-concept,建设
瞬时性,sub-concept,两
易,sub-concept,含义
细节,sub-concept,客观
再版,sub-concept,材料
类型,sub-concept,印刷
快捷,sub-concept,种类
维护,sub-concept,种类
进展期,sub-concept,纸质
作者,sub-concept,载体
搜集,sub-concept,超过
接点,sub-concept,种类
学术性,sub-concept,作者
含有,sub-concept,内容
经费,sub-concept,资源
决策,sub-concept,作用
藏,sub-concept,种类
易于,sub-concept,含义
分布,sub-concept,纸张
流通,sub-concept,印刷
交流,sub-concept,含义
发展,sub-concept,包括
输出,sub-concept,信息
相关,sub-concept,资源
期刊,sub-concept,手写
流通,sub-concept,指
检阅,sub-concept,固定
远程,sub-concept,资源
物质,sub-concept,客观
定律,sub-concept,媒体
文献,sub-concept,手写
文献,sub-concept,续
指,sub-concept,类
详细性,sub-concept,纸质
时常,sub-concept,分
序化,sub-concept,信息
成果,sub-concept,少
文字,sub-concept,类
包含,sub-concept,称
前,sub-concept,登载
主观,sub-concept,称
编辑,sub-concept,类型
够,sub-concept,纸质
声波,sub-concept,两
数量,sub-concept,登载
篇,sub-concept,复制
什,sub-concept,种类
卷,sub-concept,纸张
生产,sub-concept,纸质
指,sub-concept,纸张
情况,sub-concept,资源
国会,sub-concept,信息
含有,sub-concept,篇
登载,sub-concept,统一
表达,sub-concept,要素
超过,sub-concept,材料
发现,sub-concept,登载
刊载,sub-concept,手写
结论,sub-concept,续
数据,sub-concept,概述
长,sub-concept,材料
有序化,sub-concept,多种
永久,sub-concept,类
各期,sub-concept,信息
建设,sub-concept,分
狭义,sub-concept,含义
表达,sub-concept,媒体
光盘,sub-concept,资源
长,sub-concept,包括
学术,sub-concept,篇
相关,sub-concept,多种
声波,sub-concept,含义
超过,sub-concept,复制
入,sub-concept,种类
定期,sub-concept,手段
研究,sub-concept,续
光盘,sub-concept,种类
称,sub-concept,资源
文献,sub-concept,多种
积累,sub-concept,含义
失真,sub-concept,密
前,sub-concept,年
研究,sub-concept,年月
年,sub-concept,年
原始,sub-concept,类型
开发,sub-concept,类
四,sub-concept,信息
实用性,sub-concept,资源
统一,sub-concept,信息
核心,sub-concept,内容
年,sub-concept,续
期,sub-concept,指
交流,sub-concept,称
对象,sub-concept,客观
存放,sub-concept,资源
包含,sub-concept,居多
标准,sub-concept,载体
报告,sub-concept,题
续,sub-concept,包括
开发,sub-concept,载体
研究,sub-concept,年
统一,sub-concept,材料
包含,sub-concept,各期
成就,sub-concept,版式
定义,sub-concept,看法
胶片,sub-concept,信息
产品,sub-concept,种类
电波,sub-concept,含义
保存,sub-concept,资源
高,sub-concept,材料
49,sub-concept,固定
原始,sub-concept,信息
第三,sub-concept,年月
有限,sub-concept,称
封面,sub-concept,图书
年,sub-concept,重复
真实,sub-concept,分
篇,sub-concept,包括
布拉德福,sub-concept,文章
技术,sub-concept,期刊
核心,sub-concept,资源
n2,sub-concept,包括
重复,sub-concept,集合
信息,sub-concept,定期
人才,sub-concept,名称
设备,sub-concept,资源
定律,sub-concept,材料
图,sub-concept,资源
第三,sub-concept,登载
中,sub-concept,定期
学术,sub-concept,资源
极,sub-concept,手写
集合,sub-concept,信息
载体,sub-concept,要素
图书,sub-concept,媒体
论文,sub-concept,手写
知识性,sub-concept,信息
检阅,sub-concept,居多
资源,sub-concept,媒体
媒体,sub-concept,周期
检阅,sub-concept,各期
传递,sub-concept,图书
内容,sub-concept,媒体
媒体,sub-concept,内容
缺点,sub-concept,类
可靠性,sub-concept,两
存贮,sub-concept,媒体
利用,sub-concept,载体
记载,sub-concept,定期
单位,sub-concept,各期
信息,sub-concept,两
单位,sub-concept,居多
两,sub-concept,资源
时常,sub-concept,类
浓度,sub-concept,客观
提供,sub-concept,媒体
特征,sub-concept,类型
特定,sub-concept,类型
共享性,sub-concept,特征
检阅,sub-concept,年月
媒体,sub-concept,出版物
用于,sub-concept,客观
活动,sub-concept,含义
瞬时性,sub-concept,媒体
研究,sub-concept,固定
资源,sub-concept,资源
论文,sub-concept,固定
区域,sub-concept,再版
类型,sub-concept,集合
声波,sub-concept,称
实物,sub-concept,载体
流通,sub-concept,纸质
优缺点,sub-concept,资源
足,sub-concept,密
期刊,sub-concept,复制
数据,sub-concept,含义
决策,sub-concept,纸质
类,sub-concept,资源
传递,sub-concept,般
成就,sub-concept,年月
引用率,sub-concept,资源
发现,sub-concept,卷
输出,sub-concept,类型
科学,sub-concept,信息
成果,sub-concept,期
卷,sub-concept,手写
含量,sub-concept,纸张
49,sub-concept,年月
记载,sub-concept,居多
磁盘,sub-concept,含义
周期,sub-concept,媒体
传递,sub-concept,顺序号
完整,sub-concept,类型
判别,sub-concept,纸张
若干,sub-concept,文章
媒介,sub-concept,含义
利用率,sub-concept,媒体
推销,sub-concept,类型
共,sub-concept,统一
永久,sub-concept,分
第三,sub-concept,顺序号
流通,sub-concept,包括
各类,sub-concept,资源
意识,sub-concept,要素
第三,sub-concept,般
284,sub-concept,居多
多种,sub-concept,资源
称为,sub-concept,指
49,sub-concept,各期
研究,sub-concept,出版物
年月,sub-concept,记录
包括,sub-concept,纸质
规章制度,sub-concept,纸质
属性,sub-concept,概述
总称,sub-concept,含义
国内外,sub-concept,资源
培养,sub-concept,居多
核心,sub-concept,重复
人才,sub-concept,超过
布拉德福,sub-concept,手段
定义,sub-concept,印刷
成就,sub-concept,重复
两,sub-concept,篇
论文,sub-concept,极
登载,sub-concept,极
会议录,sub-concept,信息
知识,sub-concept,纸质
语言,sub-concept,密
实用性,sub-concept,类型
经营,sub-concept,类型
数量,sub-concept,顺序号
缺点,sub-concept,媒体
说明书,sub-concept,纸质
信息,sub-concept,称
伴随,sub-concept,信息
标准,sub-concept,纸质
作用,sub-concept,再版
能源部,sub-concept,纸质
读者,sub-concept,集合
发现,sub-concept,周期
电,sub-concept,名称
居多,sub-concept,纸质
 ,sub-concept,媒体
教科文,sub-concept,资源
依附性,sub-concept,特征
成就,sub-concept,续
培养,sub-concept,期刊
题,sub-concept,信息
包含,sub-concept,名称
n2,sub-concept,少
利用,sub-concept,类
责任,sub-concept,信息
有限,sub-concept,分
机密,sub-concept,纸质
培养,sub-concept,定期
强,sub-concept,载体
n2,sub-concept,印刷
般,sub-concept,类型
物质,sub-concept,密
随意性,sub-concept,类
印刷,sub-concept,资源
学术性,sub-concept,再版
固定,sub-concept,手段
年,sub-concept,连续
区域,sub-concept,定期
共,sub-concept,固定
n2,sub-concept,定期
核心,sub-concept,年
规律,sub-concept,信息
随意性,sub-concept,载体
产权,sub-concept,信息
若干,sub-concept,篇
科学技术,sub-concept,顺序号
分类表,sub-concept,资源
硬载体,sub-concept,含义
记载,sub-concept,再版
登录,sub-concept,信息
生产,sub-concept,功能
n倍,sub-concept,年
期刊,sub-concept,媒体
检阅,sub-concept,作者
布拉德福,sub-concept,内容
类型,sub-concept,记录
少,sub-concept,信息
高等院校,sub-concept,资源
登载,sub-concept,连续
可靠,sub-concept,类型
资源,sub-concept,类
有限,sub-concept,信息
般,sub-concept,材料
发展,sub-concept,资源
文献,sub-concept,媒体
续,sub-concept,指
 ,sub-concept,篇
225,sub-concept,超过
隐蔽,sub-concept,含义
共,sub-concept,版式
解,sub-concept,信息
有机,sub-concept,媒体
信息,sub-concept,再版
排序,sub-concept,统一
学科,sub-concept,纸质
消息,sub-concept,信息
永久,sub-concept,密
培养,sub-concept,出版物
软载体,sub-concept,密
知识,sub-concept,资源
类,sub-concept,多种
定律,sub-concept,纸张
等同,sub-concept,信息
区域,sub-concept,出版物
学术,sub-concept,登载
研究,sub-concept,重复
科学技术,sub-concept,名称
学科,sub-concept,内容
检阅,sub-concept,再版
若干,sub-concept,固定
分类表,sub-concept,信息
联合国,sub-concept,信息
定律,sub-concept,纸质
公开,sub-concept,纸质
固定,sub-concept,记录
光波,sub-concept,含义
推销,sub-concept,资源
纸,sub-concept,种类
存贮,sub-concept,多种
成就,sub-concept,固定
高,sub-concept,纸张
文献,sub-concept,纸张
研究,sub-concept,类型
类,sub-concept,信息
引用率,sub-concept,信息
含有,sub-concept,年月
选择,sub-concept,看法
辗转,sub-concept,信息
中,sub-concept,多种
传递,sub-concept,名称
统计,sub-concept,重复
剩下,sub-concept,固定
分布,sub-concept,材料
类型,sub-concept,手段
负担,sub-concept,类型
期刊,sub-concept,题
电,sub-concept,出版
科学技术,sub-concept,内容
 ,sub-concept,作者
学术,sub-concept,少
登录,sub-concept,种类
媒体,sub-concept,续
含有,sub-concept,年
周期,sub-concept,纸张
若干,sub-concept,期
索取,sub-concept,信息
载体,sub-concept,媒体
年,sub-concept,材料
科学技术,sub-concept,期
指,sub-concept,思考
非密,sub-concept,资源
标准,sub-concept,种类
10,sub-concept,篇
标准,sub-concept,指
传递,sub-concept,客观
超过,sub-concept,信息
隐蔽,sub-concept,密
指,sub-concept,集合
分布,sub-concept,包括
论文,sub-concept,统一
统计,sub-concept,续
交流,sub-concept,载体
区域,sub-concept,印刷
含义,sub-concept,信息
出版物,sub-concept,材料
代号,sub-concept,类型
各期,sub-concept,复制
竞争,sub-concept,资源
媒体,sub-concept,重复
发现,sub-concept,统一
文献,sub-concept,年
布拉德福,sub-concept,材料
司法,sub-concept,信息
长,sub-concept,纸质
有机,sub-concept,含义
包含,sub-concept,期刊
院校,sub-concept,类型
运动,sub-concept,概述
冗余性,sub-concept,信息
分布,sub-concept,纸质
极,sub-concept,媒体
图书,sub-concept,手写
论文,sub-concept,媒体
极,sub-concept,记录
科技,sub-concept,纸质
论文,sub-concept,记录
潜在性,sub-concept,资源
浓度,sub-concept,两
口头,sub-concept,称
源优点,sub-concept,含义
名称,sub-concept,纸质
技术,sub-concept,作者
链接,sub-concept,资源
篇,sub-concept,信息
内容,sub-concept,手写
网络,sub-concept,信息
用户,sub-concept,信息
中,sub-concept,复制
定义,sub-concept,包括
称为,sub-concept,复制
超过,sub-concept,指
研究,sub-concept,周期
作用,sub-concept,各期
强,sub-concept,纸质
公布,sub-concept,纸质
检索,sub-concept,资源
维系,sub-concept,作用
得以,sub-concept,媒体
培养,sub-concept,篇
保护,sub-concept,类型
资源,sub-concept,密
现状,sub-concept,信息
媒体,sub-concept,要素
胶片,sub-concept,媒体
经营,sub-concept,信息
卷,sub-concept,纸质
文章,sub-concept,资源
内容,sub-concept,密
磁带,sub-concept,分
会议录,sub-concept,类型
区域,sub-concept,年月
登载,sub-concept,版式
归纳,sub-concept,看法
文件,sub-concept,信息
社会存在,sub-concept,作用
成果,sub-concept,顺序号
声波,sub-concept,载体
信息,sub-concept,极
含有,sub-concept,极
积累,sub-concept,图书
建设,sub-concept,多种
年,sub-concept,期
宣读,sub-concept,纸质
文字,sub-concept,分
规避,sub-concept,资源
卷,sub-concept,媒体
成果,sub-concept,般
统计,sub-concept,出版物
出版,sub-concept,记录
电,sub-concept,再版
两,sub-concept,出版
反馈,sub-concept,类
研究,sub-concept,连续
n,sub-concept,包括
文献指,sub-concept,纸质
学术,sub-concept,信息
协调,sub-concept,资源
标识,sub-concept,信息
图,sub-concept,信息
含量,sub-concept,集合
模仿,sub-concept,资源
完整,sub-concept,信息
情报源,sub-concept,纸质
年,sub-concept,版式
信息源,sub-concept,密
确认,sub-concept,资源
发明,sub-concept,资源
性质,sub-concept,资源
组织,sub-concept,类型
统计,sub-concept,周期
人类,sub-concept,媒体
知识,sub-concept,含义
剩下,sub-concept,各期
两,sub-concept,超过
称为,sub-concept,载体
新颖,sub-concept,纸质
发展,sub-concept,印刷
检阅,sub-concept,顺序号
指,sub-concept,建设
共,sub-concept,文章
剩下,sub-concept,居多
负担,sub-concept,资源
共,sub-concept,超过
要素,sub-concept,信息
共,sub-concept,少
检阅,sub-concept,般
区域,sub-concept,各期
定义,sub-concept,两
称,sub-concept,两
要点,sub-concept,看法
存储,sub-concept,分
科学技术,sub-concept,再版
布拉德福,sub-concept,版式
高,sub-concept,手段
代表,sub-concept,要素
类型,sub-concept,包括
成就,sub-concept,作者
流通,sub-concept,复制
科技,sub-concept,种类
10,sub-concept,卷
利用,sub-concept,两
概念,sub-concept,多种
本体,sub-concept,含义
剩下,sub-concept,定期
第三,sub-concept,再版
纸张,sub-concept,称
纸张,sub-concept,分
 ,sub-concept,手写
排序,sub-concept,卷
即P,sub-concept,集合
物质,sub-concept,载体
学科,sub-concept,顺序号
称,sub-concept,信息
可靠,sub-concept,客观
共,sub-concept,周期
期,sub-concept,集合
n倍,sub-concept,卷
数据库,sub-concept,信息
成就,sub-concept,定期
数据,sub-concept,纸质
文献,sub-concept,信息
共,sub-concept,续
出版,sub-concept,媒体
学术,sub-concept,居多
重点,sub-concept,载体
定期,sub-concept,纸张
高等院校,sub-concept,纸质
流通,sub-concept,集合
指,sub-concept,要素
竞争,sub-concept,纸质
数量,sub-concept,居多
审查,sub-concept,纸质
布拉德福,sub-concept,续
共,sub-concept,出版物
物质,sub-concept,称
强,sub-concept,称
搜集,sub-concept,少
电,sub-concept,居多
过程,sub-concept,信息
纸张,sub-concept,媒体
管理,sub-concept,信息
含量,sub-concept,资源
核心,sub-concept,极
细节,sub-concept,载体
形式,sub-concept,看法
登载,sub-concept,材料
居多,sub-concept,媒体
 ,sub-concept,纸质
信息,sub-concept,包括
新,sub-concept,媒体
存取型,sub-concept,资源
中,sub-concept,媒体
文献,sub-concept,分
学术性,sub-concept,般
布拉德福,sub-concept,重复
社会,sub-concept,类型
标准,sub-concept,包括
电波,sub-concept,密
学术性,sub-concept,顺序号
保护,sub-concept,资源
类型,sub-concept,指
要素,sub-concept,看法
软载体,sub-concept,载体
作者,sub-concept,手段
序化,sub-concept,资源
学术,sub-concept,卷
相关,sub-concept,含义
浓度,sub-concept,分
磁带,sub-concept,称
研究,sub-concept,文章
重点,sub-concept,手段
狭义,sub-concept,多种
权限,sub-concept,种类
成就,sub-concept,出版物
参谋,sub-concept,功能
广义,sub-concept,含义
重复,sub-concept,纸质
若干,sub-concept,统一
若干,sub-concept,版式
资料,sub-concept,纸质
观点,sub-concept,纸质
记载,sub-concept,重复
排序,sub-concept,居多
科学技术,sub-concept,版式
周期,sub-concept,纸质
提供,sub-concept,客观
建设,sub-concept,载体
作用,sub-concept,少
确认,sub-concept,信息
卷,sub-concept,复制
性质,sub-concept,信息
瞬时性,sub-concept,客观
区域,sub-concept,固定
人类,sub-concept,信息
软载体,sub-concept,称
保存型,sub-concept,资源
参考,sub-concept,纸质
四,sub-concept,思考
学术,sub-concept,统一
重点,sub-concept,包括
 ,sub-concept,年
足,sub-concept,含义
主观,sub-concept,客观
第三,sub-concept,文章
若干,sub-concept,卷
发明,sub-concept,类型
记载,sub-concept,少
易于,sub-concept,载体
服务型,sub-concept,资源
申请,sub-concept,资源
提供,sub-concept,密
交流,sub-concept,客观
设置,sub-concept,种类
用以,sub-concept,图书
排序,sub-concept,期刊
若干,sub-concept,连续
开发,sub-concept,两
定义,sub-concept,图书
即P,sub-concept,记录
技术,sub-concept,看法
成果,sub-concept,再版
真实,sub-concept,载体
电,sub-concept,期刊
论文,sub-concept,篇
技术,sub-concept,极
社会存在,sub-concept,信息
存取,sub-concept,资源
成就,sub-concept,连续
统计,sub-concept,超过
倍,sub-concept,年
资料,sub-concept,类型
官方,sub-concept,资源
重复,sub-concept,类型
藏,sub-concept,信息
统计,sub-concept,居多
长,sub-concept,复制
人脑,sub-concept,称
免费,sub-concept,信息
手段,sub-concept,图书
流行,sub-concept,多种
284,sub-concept,少
信息,sub-concept,出版
论文,sub-concept,续
光盘,sub-concept,媒体
成就,sub-concept,超过
机制,sub-concept,种类
排序,sub-concept,登载
重点,sub-concept,指
AD,sub-concept,类型
社会,sub-concept,纸质
媒体,sub-concept,超过
数量,sub-concept,少
再版,sub-concept,纸质
年,sub-concept,各期
缺点,sub-concept,客观
判别,sub-concept,载体
检阅,sub-concept,文章
易于,sub-concept,两
 ,sub-concept,纸张
名称,sub-concept,资源
建设,sub-concept,功能
劳动,sub-concept,多种
书刊,sub-concept,种类
年,sub-concept,手段
含有,sub-concept,作者
冗余性,sub-concept,资源
标识,sub-concept,要素
显性,sub-concept,信息
结论,sub-concept,再版
文章,sub-concept,手写
被摘率,sub-concept,记录
知识,sub-concept,两
光波,sub-concept,类
若干,sub-concept,极
被摘率,sub-concept,信息
登载,sub-concept,内容
各期,sub-concept,指
学术性,sub-concept,名称
成就,sub-concept,文章
AD,sub-concept,纸质
年,sub-concept,文章
语言,sub-concept,两
超过,sub-concept,印刷
两,sub-concept,再版
高等院校,sub-concept,类型
包含,sub-concept,出版
成就,sub-concept,极
可靠,sub-concept,资源
数据,sub-concept,类型
期刊,sub-concept,卷
49,sub-concept,出版
n2,sub-concept,信息
新颖性,sub-concept,信息
主观,sub-concept,含义
有限,sub-concept,客观
人才,sub-concept,年
年月,sub-concept,资源
电,sub-concept,周期
归纳,sub-concept,多种
信息,sub-concept,复制
布拉德福,sub-concept,连续
公司,sub-concept,信息
两,sub-concept,内容
期刊,sub-concept,材料
期,sub-concept,信息
两,sub-concept,周期
包括,sub-concept,多种
样本,sub-concept,资源
顺序号,sub-concept,材料
前,sub-concept,卷
对象,sub-concept,类
文献,sub-concept,客观
 ,sub-concept,载体
系统,sub-concept,信息
发明,sub-concept,纸质
政府,sub-concept,思考
定期,sub-concept,集合
 ,sub-concept,出版物
水平,sub-concept,纸质
光盘,sub-concept,类
值,sub-concept,特性
宇航局,sub-concept,信息
新颖,sub-concept,类型
机制,sub-concept,信息
布拉德福,sub-concept,年月
含有,sub-concept,期
利用率,sub-concept,记录
49,sub-concept,作者
组织,sub-concept,纸质
传递,sub-concept,期刊
信息,sub-concept,载体
作者,sub-concept,资源
研究,sub-concept,版式
 ,sub-concept,周期
284,sub-concept,登载
承担,sub-concept,资源
等同,sub-concept,看法
可靠性,sub-concept,载体
学科,sub-concept,再版
纸质,sub-concept,材料
门,sub-concept,类型
行业,sub-concept,信息
承载,sub-concept,含义
再版,sub-concept,载体
剩下,sub-concept,登载
含量,sub-concept,印刷
学科,sub-concept,包括
提取,sub-concept,媒体
宣读,sub-concept,类型
细节,sub-concept,分
代表,sub-concept,手写
核心,sub-concept,再版
登载,sub-concept,顺序号
辗转,sub-concept,称
利用,sub-concept,含义
值,sub-concept,信息
共,sub-concept,重复
定期,sub-concept,印刷
科学技术,sub-concept,作者
提供,sub-concept,类
书目,sub-concept,资源
定义,sub-concept,含义
失真,sub-concept,信息
10,sub-concept,极
期刊,sub-concept,纸张
易,sub-concept,信息
般,sub-concept,复制
强,sub-concept,类型
指,sub-concept,种类
公布,sub-concept,类型
两,sub-concept,期
服务型,sub-concept,信息
登载,sub-concept,指
年,sub-concept,固定
技术,sub-concept,统一
常用,sub-concept,信息
名称,sub-concept,指
申请,sub-concept,信息
出版,sub-concept,手写
竞争,sub-concept,类型
刊载,sub-concept,记录
美国,sub-concept,类型
利用,sub-concept,看法
瞬时性,sub-concept,含义
易,sub-concept,两
225,sub-concept,极
合作,sub-concept,信息
新,sub-concept,信息
卷,sub-concept,指
本体,sub-concept,多种
科学,sub-concept,功能
科学技术,sub-concept,出版
论文,sub-concept,连续
出版物,sub-concept,包括
手段,sub-concept,媒体
手段,sub-concept,信息
固定,sub-concept,资源
研究,sub-concept,超过
统计,sub-concept,纸质
作用,sub-concept,信息
研究,sub-concept,少
易于,sub-concept,分
设备,sub-concept,看法
剩下,sub-concept,顺序号
居多,sub-concept,手写
代号,sub-concept,纸质
针对性,sub-concept,载体
中,sub-concept,手写
标准,sub-concept,记录
载体,sub-concept,载体
缺点,sub-concept,分
剩下,sub-concept,般
称为,sub-concept,手写
寿命,sub-concept,印刷
内容,sub-concept,类
足,sub-concept,媒体
学术性,sub-concept,期刊
密级,sub-concept,纸质
经济,sub-concept,作用
版式,sub-concept,手段
定义,sub-concept,复制
信息,sub-concept,记录
水平,sub-concept,媒体
数量,sub-concept,卷
核心,sub-concept,手段
电,sub-concept,年
利用率,sub-concept,集合
判别,sub-concept,包括
文章,sub-concept,载体
前,sub-concept,极
学科,sub-concept,出版
得以,sub-concept,两
存取型,sub-concept,信息
分布,sub-concept,指
类型,sub-concept,载体
NASA,sub-concept,资源
密级,sub-concept,类型
表达,sub-concept,图书
少,sub-concept,包括
信息,sub-concept,篇
多种,sub-concept,信息
含有,sub-concept,再版
看法,sub-concept,信息
易,sub-concept,分
统计,sub-concept,类型
核心,sub-concept,纸张
各期,sub-concept,包括
协调,sub-concept,类型
文章,sub-concept,手段
期刊,sub-concept,极
建设,sub-concept,媒体
传递,sub-concept,卷
媒介,sub-concept,要素
检阅,sub-concept,出版
调查,sub-concept,类型
组织,sub-concept,资源
剩下,sub-concept,连续
纸,sub-concept,资源
美国,sub-concept,纸质
系列,sub-concept,含义
优缺点,sub-concept,信息
物质,sub-concept,含义
组织,sub-concept,种类
得以,sub-concept,含义
剩下,sub-concept,卷
 ,sub-concept,材料
学科,sub-concept,出版物
定义,sub-concept,指
年,sub-concept,定期
交流,sub-concept,分
载体,sub-concept,资源
图书,sub-concept,指
区域,sub-concept,连续
教科文,sub-concept,信息
225,sub-concept,再版
检阅,sub-concept,篇
筛选,sub-concept,信息
传递,sub-concept,分
续,sub-concept,信息
代表,sub-concept,材料
隐蔽,sub-concept,载体
记载,sub-concept,卷
成就,sub-concept,期
共,sub-concept,连续
布拉德福,sub-concept,印刷
情报,sub-concept,媒体
加工,sub-concept,客观
报告,sub-concept,种类
判别,sub-concept,复制
新颖性,sub-concept,资源
p,sub-concept,指
284,sub-concept,名称
设计,sub-concept,资源
方式,sub-concept,资源
区域,sub-concept,版式
真实,sub-concept,称
专利,sub-concept,信息
布拉德福,sub-concept,定期
49,sub-concept,版式
论文,sub-concept,印刷
科技,sub-concept,类型
极,sub-concept,印刷
调查,sub-concept,纸质
人脑,sub-concept,密
数量,sub-concept,统一
剩下,sub-concept,版式
院校,sub-concept,纸质
核心,sub-concept,出版物
定律,sub-concept,集合
代表,sub-concept,复制
可靠,sub-concept,纸质
指,sub-concept,分
协调,sub-concept,纸质
含有,sub-concept,各期
隐蔽,sub-concept,称
出版,sub-concept,材料
技术,sub-concept,续
文章,sub-concept,媒体
门,sub-concept,纸质
区域,sub-concept,文章
纸张,sub-concept,类
信息源,sub-concept,信息
出版,sub-concept,纸张
定期,sub-concept,信息
文章,sub-concept,记录
学科,sub-concept,超过
学科,sub-concept,指
学术,sub-concept,期刊
用于,sub-concept,两
纸质,sub-concept,纸质
软载体,sub-concept,含义
定期,sub-concept,记录
共,sub-concept,定期
真实,sub-concept,媒体
登载,sub-concept,信息
含有,sub-concept,文章
指,sub-concept,记录
核心,sub-concept,出版
传递,sub-concept,统一
代表,sub-concept,手段
区域,sub-concept,手段
对象,sub-concept,密
利用,sub-concept,密
复制,sub-concept,资源
建设,sub-concept,含义
文献,sub-concept,手段
超过,sub-concept,集合
两,sub-concept,出版物
结论,sub-concept,般
剩下,sub-concept,年月
多种,sub-concept,看法
足,sub-concept,类
n2,sub-concept,记录
纸张,sub-concept,客观
49,sub-concept,图书
消息,sub-concept,概述
声波,sub-concept,分
重复,sub-concept,媒体
代表,sub-concept,纸张
对手,sub-concept,资源
传递,sub-concept,信息
可靠,sub-concept,分
名称,sub-concept,包括
期刊,sub-concept,集合
共,sub-concept,期
说明书,sub-concept,类型
成熟,sub-concept,信息
足,sub-concept,载体
核心,sub-concept,包括
链接,sub-concept,信息
研究,sub-concept,纸质
知识,sub-concept,类型
实物,sub-concept,密
定义,sub-concept,纸质
若干,sub-concept,少
报告,sub-concept,信息
读者,sub-concept,信息
技术,sub-concept,出版物
记载,sub-concept,连续
媒体,sub-concept,称
学科,sub-concept,复制
定期,sub-concept,资源
光盘,sub-concept,信息
流通,sub-concept,材料
硬载体,sub-concept,两
什,sub-concept,思考
若干,sub-concept,定期
图,sub-concept,包括
排序,sub-concept,名称
发展,sub-concept,集合
49,sub-concept,再版
专利,sub-concept,题
传递,sub-concept,登载
有机,sub-concept,载体
司法,sub-concept,资源
设备,sub-concept,信息
作用,sub-concept,般
磁盘,sub-concept,信息
再版,sub-concept,记录
作用,sub-concept,顺序号
p,sub-concept,材料
搜集,sub-concept,续
引用率,sub-concept,手写
信息,sub-concept,指
区域,sub-concept,材料
刊载,sub-concept,集合
学科,sub-concept,类型
纸张,sub-concept,建设
源,sub-concept,信息
表达,sub-concept,信息
超过,sub-concept,资源
电波,sub-concept,信息
代表,sub-concept,媒体
出版物,sub-concept,手段
顺序号,sub-concept,信息
交流,sub-concept,类
再版,sub-concept,指
含有,sub-concept,出版物
指,sub-concept,手段
区域,sub-concept,重复
纸张,sub-concept,载体
保存,sub-concept,图书
依附体,sub-concept,要素
核心,sub-concept,作者
包含,sub-concept,内容
可靠性,sub-concept,媒体
记载,sub-concept,顺序号
传递,sub-concept,居多
信息,sub-concept,作者
纸张,sub-concept,资源
论文,sub-concept,定期
记载,sub-concept,般
含量,sub-concept,记录
图书,sub-concept,复制
共,sub-concept,作者
辗转,sub-concept,密
科技,sub-concept,资源
用户,sub-concept,种类
详细性,sub-concept,资源
成果,sub-concept,固定
资料,sub-concept,概述
含有,sub-concept,出版
易,sub-concept,类
定律,sub-concept,载体
区域,sub-concept,续
少,sub-concept,记录
技术,sub-concept,超过
指,sub-concept,复制
光波,sub-concept,密
引进,sub-concept,信息
284,sub-concept,期刊
名称,sub-concept,载体
统计,sub-concept,般
文字,sub-concept,客观
流通,sub-concept,纸张
院校,sub-concept,资源
培养,sub-concept,极
研究,sub-concept,期
超过,sub-concept,记录
各期,sub-concept,纸质
长期,sub-concept,种类
年月,sub-concept,手段
检阅,sub-concept,内容
篇,sub-concept,材料
参考,sub-concept,类型
等同,sub-concept,资源
指,sub-concept,两
真实,sub-concept,类
广义,sub-concept,多种
倍,sub-concept,极
媒体,sub-concept,两
卷,sub-concept,载体
传递,sub-concept,少
能源部,sub-concept,类型
媒体,sub-concept,居多
时常,sub-concept,信息
时常,sub-concept,媒体
承载,sub-concept,分
论文,sub-concept,种类
学术,sub-concept,名称
保存,sub-concept,客观
观点,sub-concept,类型
图,sub-concept,手段
出版物,sub-concept,记录
核心,sub-concept,超过
加工,sub-concept,载体
称为,sub-concept,媒体
作用,sub-concept,重复
225,sub-concept,文章
居多,sub-concept,资源
登载,sub-concept,定期
图书,sub-concept,材料
发现,sub-concept,少
实用性,sub-concept,纸质
极,sub-concept,集合
 ,sub-concept,再版
结论,sub-concept,文章
学科,sub-concept,周期
水平,sub-concept,手写
解,sub-concept,资源
磁盘,sub-concept,两
名称,sub-concept,印刷
研究生,sub-concept,信息
国际,sub-concept,信息
定律,sub-concept,印刷
包括,sub-concept,类型
信息,sub-concept,含义
电,sub-concept,登载
称为,sub-concept,纸质
发行,sub-concept,信息
含量,sub-concept,手段
分布,sub-concept,载体
可靠性,sub-concept,含义
远程,sub-concept,信息
成果,sub-concept,登载
第三,sub-concept,续
接受,sub-concept,种类
原始,sub-concept,纸质
 ,sub-concept,类型
经济,sub-concept,功能
承载,sub-concept,信息
推销,sub-concept,纸质
知识,sub-concept,密
易,sub-concept,媒体
载体,sub-concept,种类
培养,sub-concept,连续
49,sub-concept,期
模仿,sub-concept,信息
研究,sub-concept,居多
单位,sub-concept,版式
产权,sub-concept,资源
易于,sub-concept,密
研究,sub-concept,各期
包含,sub-concept,年
研究,sub-concept,作者
文献,sub-concept,集合
输出,sub-concept,纸质
高,sub-concept,集合
49,sub-concept,内容
非定期,sub-concept,图书
成果,sub-concept,信息
属性,sub-concept,信息
284,sub-concept,周期
期刊,sub-concept,手段
发现,sub-concept,期刊
反馈,sub-concept,密
出版物,sub-concept,印刷
研究,sub-concept,定期
引用率,sub-concept,材料
登载,sub-concept,出版
维护,sub-concept,信息
感知,sub-concept,种类
交流,sub-concept,媒体
周期,sub-concept,集合
结论,sub-concept,登载
特定,sub-concept,纸质
经营,sub-concept,资源
观点,sub-concept,多种
出发,sub-concept,资源
区域,sub-concept,期
图,sub-concept,记录
概述,sub-concept,信息
语言,sub-concept,含义
内容,sub-concept,含义
统计,sub-concept,作者
数量,sub-concept,期刊
成果,sub-concept,重复
设置,sub-concept,资源
动态性,sub-concept,资源
年,sub-concept,年月
劳动,sub-concept,信息
发展,sub-concept,手段
资源,sub-concept,含义
可靠,sub-concept,媒体
49,sub-concept,名称
反馈,sub-concept,客观
编辑,sub-concept,纸质
开发,sub-concept,密
搜集,sub-concept,连续
发现,sub-concept,居多
详细性,sub-concept,类型
中,sub-concept,含义
顺序号,sub-concept,记录
符号,sub-concept,要素
p,sub-concept,载体
225,sub-concept,顺序号
n2,sub-concept,续
含有,sub-concept,超过
纸张,sub-concept,种类
单位,sub-concept,年
形式,sub-concept,种类
使用者,sub-concept,信息
中,sub-concept,年
决策,sub-concept,信息
225,sub-concept,般
登载,sub-concept,作者
n倍,sub-concept,极
题,sub-concept,建设
排序,sub-concept,少
读者,sub-concept,媒体
情报源,sub-concept,类型
符号,sub-concept,分
媒体,sub-concept,作者
新,sub-concept,两
版式,sub-concept,资源
公布,sub-concept,资源
有限,sub-concept,类
新,sub-concept,客观
再版,sub-concept,包括
布拉德福,sub-concept,各期
文献指,sub-concept,类型
资源,sub-concept,记录
知识,sub-concept,客观
极,sub-concept,信息
包括,sub-concept,信息
指,sub-concept,手写
技术,sub-concept,多种
49,sub-concept,顺序号
作用,sub-concept,期
研究生,sub-concept,类型
设置,sub-concept,信息
得以,sub-concept,分
前,sub-concept,般
高,sub-concept,复制
技术,sub-concept,重复
年,sub-concept,载体
人类,sub-concept,多种
会议录,sub-concept,纸质
重复,sub-concept,手写
声波,sub-concept,媒体
人脑,sub-concept,类
数量,sub-concept,周期
p,sub-concept,纸张
人才,sub-concept,篇
10,sub-concept,出版
学位,sub-concept,题
总称,sub-concept,资源
学术,sub-concept,顺序号
倍,sub-concept,版式
登载,sub-concept,包括
类型,sub-concept,复制
中,sub-concept,连续
论文,sub-concept,载体
特征,sub-concept,概述
传递,sub-concept,篇
转换,sub-concept,含义
成果,sub-concept,卷
p,sub-concept,包括
技术,sub-concept,资源
学术,sub-concept,般
审查,sub-concept,类型
思考,sub-concept,资源
学科,sub-concept,居多
积累,sub-concept,资源
得以,sub-concept,载体
视听型,sub-concept,资源
布拉德福,sub-concept,载体
纸质,sub-concept,复制
隐性,sub-concept,信息
技术,sub-concept,篇
研究,sub-concept,作用
选择,sub-concept,多种
信息,sub-concept,卷
符号,sub-concept,两
核心,sub-concept,期刊
过程,sub-concept,指
分为,sub-concept,资源
出版,sub-concept,种类
形式,sub-concept,信息
年,sub-concept,极
出版物,sub-concept,指
论文,sub-concept,手段
产权,sub-concept,纸质
核心,sub-concept,信息
统一,sub-concept,媒体
类,sub-concept,媒体
指向性,sub-concept,特征
引用率,sub-concept,媒体
源优点,sub-concept,客观
称,sub-concept,包括
生产,sub-concept,类型
辗转,sub-concept,客观
材料,sub-concept,媒体
记录,sub-concept,资源
人脑,sub-concept,含义
顺序号,sub-concept,复制
符号,sub-concept,信息
科学技术,sub-concept,各期
人才,sub-concept,文章
学科,sub-concept,登载
资源,sub-concept,手段
缺点,sub-concept,称
若干,sub-concept,各期
分布,sub-concept,记录
永久,sub-concept,客观
含有,sub-concept,版式
年,sub-concept,出版物
培养,sub-concept,续
布拉德福,sub-concept,极
发现,sub-concept,名称
文献,sub-concept,看法
检阅,sub-concept,续
成就,sub-concept,各期
登载,sub-concept,般
开发,sub-concept,资源
包含,sub-concept,版式
信息,sub-concept,内容
统一,sub-concept,资源
标准,sub-concept,资源
科学技术,sub-concept,年月
刊载,sub-concept,信息
国内外贸易,sub-concept,信息
会议,sub-concept,题
论文,sub-concept,名称
区域,sub-concept,作者
瞬时性,sub-concept,类
口头,sub-concept,媒体
学科,sub-concept,信息
信息,sub-concept,重复
数量,sub-concept,名称
n倍,sub-concept,登载
登录,sub-concept,资源
出版物,sub-concept,题
作用,sub-concept,思考
开发,sub-concept,分
文章,sub-concept,印刷
负担,sub-concept,纸质
判别,sub-concept,集合
第三,sub-concept,周期
284,sub-concept,统一
出发,sub-concept,多种
要素,sub-concept,含义
寿命,sub-concept,载体
针对性,sub-concept,两
符号,sub-concept,称
过程,sub-concept,包括
寿命,sub-concept,集合
有用,sub-concept,多种
布拉德福,sub-concept,固定
光波,sub-concept,媒体
极,sub-concept,材料
p,sub-concept,纸质
定律,sub-concept,记录
责任,sub-concept,资源
论文,sub-concept,材料
称,sub-concept,指
本体,sub-concept,信息
选题,sub-concept,纸质
n2,sub-concept,连续
引用率,sub-concept,纸质
水平,sub-concept,资源
保护,sub-concept,纸质
作用,sub-concept,内容
统计,sub-concept,再版
理解,sub-concept,资源
电,sub-concept,卷
卷,sub-concept,集合
动态,sub-concept,种类
高,sub-concept,记录
登载,sub-concept,纸张
数量,sub-concept,年
研究生,sub-concept,资源
思想,sub-concept,信息
加工,sub-concept,称
对象,sub-concept,含义
出发,sub-concept,含义
形态,sub-concept,图书
居多,sub-concept,信息
含量,sub-concept,手写
期刊,sub-concept,再版
真实,sub-concept,客观
利用率,sub-concept,载体
序化,sub-concept,多种
中,sub-concept,作者
称,sub-concept,手段
会议录,sub-concept,资源
历史,sub-concept,类型
作用,sub-concept,作者
开发,sub-concept,纸质
 ,sub-concept,复制
n2,sub-concept,年月
共,sub-concept,顺序号
第三,sub-concept,统一
寿命,sub-concept,材料
论文,sub-concept,类型
相关,sub-concept,信息
布拉德福,sub-concept,出版物
过程,sub-concept,含义
科学技术,sub-concept,固定
社会,sub-concept,含义
审查,sub-concept,资源
定义,sub-concept,客观
n2,sub-concept,年
保存型,sub-concept,种类
包含,sub-concept,登载
前,sub-concept,再版
记载,sub-concept,作者
排序,sub-concept,出版
分布,sub-concept,集合
常用,sub-concept,种类
极,sub-concept,复制
瞬时性,sub-concept,载体
科学,sub-concept,作用
论文,sub-concept,复制
提取,sub-concept,两
序化,sub-concept,含义
图书,sub-concept,手段
门,sub-concept,资源
少,sub-concept,纸质
建设,sub-concept,客观
提供,sub-concept,载体
信息,sub-concept,统一
研究,sub-concept,再版
排序,sub-concept,再版
再版,sub-concept,印刷
即P,sub-concept,手写
专利,sub-concept,思考
文献,sub-concept,印刷
易于,sub-concept,称
科技,sub-concept,信息
般,sub-concept,纸质
284,sub-concept,卷
专利,sub-concept,类型
参谋,sub-concept,信息
文献,sub-concept,少
培养,sub-concept,固定
包含,sub-concept,重复
包含,sub-concept,信息
论文,sub-concept,纸张
机密,sub-concept,类型
区域,sub-concept,内容
硬载体,sub-concept,客观
出版,sub-concept,复制
传递,sub-concept,资源
篇,sub-concept,纸质
纸质,sub-concept,手写
现状,sub-concept,资源
年,sub-concept,包括
研究,sub-concept,期刊
布拉德福,sub-concept,出版
体系,sub-concept,信息
表现,sub-concept,类
表述,sub-concept,信息
 ,sub-concept,超过
225,sub-concept,篇
倍,sub-concept,登载
寿命,sub-concept,复制
标准,sub-concept,类型
刊载,sub-concept,指
概念,sub-concept,资源
培养,sub-concept,统一
包含,sub-concept,统一
 ,sub-concept,居多
产品,sub-concept,资源
电,sub-concept,统一
两,sub-concept,般
文献,sub-concept,含义
DOE,sub-concept,类型
硬载体,sub-concept,密
布拉德福,sub-concept,超过
联合国,sub-concept,纸质
快捷,sub-concept,资源
论文,sub-concept,版式
两,sub-concept,顺序号
出版,sub-concept,手段
共,sub-concept,居多
剩下,sub-concept,文章
依附体,sub-concept,媒体
共,sub-concept,各期
论文,sub-concept,超过
公开,sub-concept,类型
年,sub-concept,印刷
点击,sub-concept,资源
重复,sub-concept,纸张
数量,sub-concept,内容
两,sub-concept,版式
登载,sub-concept,再版
读者,sub-concept,手写
命令,sub-concept,纸质
文字,sub-concept,信息
作用,sub-concept,卷
强,sub-concept,分
时效性,sub-concept,信息
中,sub-concept,卷
学术,sub-concept,纸质
流行,sub-concept,含义
电,sub-concept,内容
动力,sub-concept,信息
浓度,sub-concept,类
特征,sub-concept,资源
倍,sub-concept,篇
活动,sub-concept,看法
足,sub-concept,客观
学科,sub-concept,印刷
文字,sub-concept,媒体
再版,sub-concept,资源
文献,sub-concept,居多
共,sub-concept,名称
超过,sub-concept,纸张
指,sub-concept,媒体
文献,sub-concept,各期
类,sub-concept,种类
设计,sub-concept,信息
连续,sub-concept,包括
手写,sub-concept,资源
刊载,sub-concept,材料
时常,sub-concept,两
图书,sub-concept,信息
胶片,sub-concept,称
用于,sub-concept,密
什,sub-concept,信息
组织,sub-concept,多种
磁带,sub-concept,信息
包含,sub-concept,分
培养,sub-concept,年月
情报,sub-concept,信息
结论,sub-concept,顺序号
两,sub-concept,续
区域,sub-concept,指
判别,sub-concept,印刷
正式,sub-concept,纸质
远程,sub-concept,种类
期刊,sub-concept,种类
政府,sub-concept,资源
作者,sub-concept,手写
论文,sub-concept,出版物
印刷型,sub-concept,种类
网络,sub-concept,资源
般,sub-concept,包括
布拉德福,sub-concept,复制
含量,sub-concept,材料
培养,sub-concept,年
特征,sub-concept,信息
文字,sub-concept,称
光盘,sub-concept,两
反馈,sub-concept,含义
极,sub-concept,指
排序,sub-concept,周期
成果,sub-concept,出版物
人才,sub-concept,少
区域,sub-concept,年
信息源,sub-concept,资源
声波,sub-concept,密
检阅,sub-concept,极
文献,sub-concept,题
包含,sub-concept,卷
被摘率,sub-concept,手段
信息,sub-concept,顺序号
刊载,sub-concept,印刷
消除,sub-concept,概述
强,sub-concept,两
自然,sub-concept,种类
系列,sub-concept,看法
图书,sub-concept,印刷
n,sub-concept,纸质
调查,sub-concept,资源
信息,sub-concept,般
主观,sub-concept,信息
高,sub-concept,载体
竞争,sub-concept,信息
超过,sub-concept,媒体
出版物,sub-concept,载体
49,sub-concept,重复
统一,sub-concept,手写
审查,sub-concept,信息
捕获,sub-concept,资源
申请,sub-concept,类型
有序化,sub-concept,看法
报告,sub-concept,思考
学位,sub-concept,资源
年月,sub-concept,手写
资源,sub-concept,建设
顺序号,sub-concept,包括
强,sub-concept,信息
搜集,sub-concept,年月
NASA,sub-concept,信息
公布,sub-concept,信息
价,sub-concept,含义
文献,sub-concept,图书
扉页,sub-concept,图书
结论,sub-concept,固定
49,sub-concept,期刊
学术性,sub-concept,统一
针对性,sub-concept,类型
49,sub-concept,定期
隐蔽,sub-concept,客观
经营,sub-concept,纸质
人才,sub-concept,统一
若干,sub-concept,再版
第一,sub-concept,信息
搜集,sub-concept,年
统计,sub-concept,内容
倍,sub-concept,卷
类型,sub-concept,纸质
利用,sub-concept,信息
成果,sub-concept,连续
规章制度,sub-concept,类型
时,sub-concept,信息
著名,sub-concept,集合
记载,sub-concept,极
类型,sub-concept,纸张
被摘率,sub-concept,指
分布,sub-concept,印刷
交流,sub-concept,类型
即P,sub-concept,复制
记录,sub-concept,含义
检阅,sub-concept,期刊
使用者,sub-concept,种类
p,sub-concept,复制
核心,sub-concept,集合
表现,sub-concept,信息
完整,sub-concept,纸质
信息源,sub-concept,客观
登载,sub-concept,期
光波,sub-concept,信息
指,sub-concept,载体
统计,sub-concept,顺序号
特征,sub-concept,种类
反馈,sub-concept,媒体
第一,sub-concept,分
决策,sub-concept,类型
形式,sub-concept,图书
区域,sub-concept,篇
论文,sub-concept,居多
登载,sub-concept,居多
新颖,sub-concept,信息
两,sub-concept,名称
要点,sub-concept,资源
即P,sub-concept,手段
记录,sub-concept,要素
